day,month,hour,minute,Total
0,3,0,0,0.0
0,3,0,1,0.0
0,3,0,2,0.0
0,3,0,3,0.0
0,3,1,0,0.0
0,3,1,1,0.0
0,3,1,2,0.0
0,3,1,3,0.0
0,3,2,0,0.0
0,3,2,1,0.0
0,3,2,2,0.0
0,3,2,3,0.0
0,3,3,0,0.0
0,3,3,1,0.0
0,3,3,2,0.0
0,3,3,3,0.0
0,3,4,0,0.0
0,3,4,1,0.0
0,3,4,2,0.0
0,3,4,3,0.0
0,3,5,0,0.0
0,3,5,1,0.0
0,3,5,2,0.0
0,3,5,3,0.0
0,3,6,0,0.0
0,3,6,1,0.0
0,3,6,2,0.0
0,3,6,3,0.0
0,3,7,0,0.0125
0,3,7,1,0.225
0,3,7,2,1.035
0,3,7,3,2.285
0,3,8,0,5.0575
0,3,8,1,9.44
0,3,8,2,14.165
0,3,8,3,18.3775
0,3,9,0,22.7225
0,3,9,1,27.6475
0,3,9,2,32.165
0,3,9,3,33.82
0,3,10,0,41.17
0,3,10,1,49.13
0,3,10,2,35.44
0,3,10,3,33.0625
0,3,11,0,45.725
0,3,11,1,36.575
0,3,11,2,31.9875
0,3,11,3,40.085
0,3,12,0,48.335
0,3,12,1,46.47
0,3,12,2,37.9175
0,3,12,3,63.6375
0,3,13,0,63.59
0,3,13,1,30.5775
0,3,13,2,38.415
0,3,13,3,62.45
0,3,14,0,58.7975
0,3,14,1,57.275
0,3,14,2,65.885
0,3,14,3,72.2875
0,3,15,0,75.585
0,3,15,1,57.66
0,3,15,2,47.2
0,3,15,3,66.04
0,3,16,0,64.1325
0,3,16,1,60.5
0,3,16,2,63.54
0,3,16,3,44.7125
0,3,17,0,22.3925
0,3,17,1,14.06
0,3,17,2,14.6575
0,3,17,3,14.2925
0,3,18,0,12.7175
0,3,18,1,10.7975
0,3,18,2,10.97
0,3,18,3,10.0375
0,3,19,0,8.5925
0,3,19,1,6.17
0,3,19,2,3.79
0,3,19,3,1.83
0,3,20,0,0.6475
0,3,20,1,0.14
0,3,20,2,0.0
0,3,20,3,0.0
0,3,21,0,0.0
0,3,21,1,0.0
0,3,21,2,0.0
0,3,21,3,0.0
0,3,22,0,0.0
0,3,22,1,0.0
0,3,22,2,0.0
0,3,22,3,0.0
0,3,23,0,0.0
0,3,23,1,0.0
0,3,23,2,0.0
0,3,23,3,0.0
1,3,0,0,0.0
1,3,0,1,0.0
1,3,0,2,0.0
1,3,0,3,0.0
1,3,1,0,0.0
1,3,1,1,0.0
1,3,1,2,0.0
1,3,1,3,0.0
1,3,2,0,0.0
1,3,2,1,0.0
1,3,2,2,0.0
1,3,2,3,0.0
1,3,3,0,0.0
1,3,3,1,0.0
1,3,3,2,0.0
1,3,3,3,0.0
1,3,4,0,0.0
1,3,4,1,0.0
1,3,4,2,0.0
1,3,4,3,0.0
1,3,5,0,0.0
1,3,5,1,0.0
1,3,5,2,0.0
1,3,5,3,0.0
1,3,6,0,0.0
1,3,6,1,0.0
1,3,6,2,0.0
1,3,6,3,0.0
1,3,7,0,0.0
1,3,7,1,0.3375
1,3,7,2,1.325
1,3,7,3,2.8
1,3,8,0,4.3
1,3,8,1,10.3725
1,3,8,2,16.0525
1,3,8,3,17.5925
1,3,9,0,7.685
1,3,9,1,15.4375
1,3,9,2,30.335
1,3,9,3,36.915
1,3,10,0,35.1025
1,3,10,1,39.565
1,3,10,2,54.72
1,3,10,3,55.41
1,3,11,0,56.5625
1,3,11,1,59.1625
1,3,11,2,61.0175
1,3,11,3,60.06
1,3,12,0,74.34
1,3,12,1,68.85
1,3,12,2,75.9375
1,3,12,3,74.8925
1,3,13,0,57.6925
1,3,13,1,46.7325
1,3,13,2,41.27
1,3,13,3,44.1275
1,3,14,0,45.5975
1,3,14,1,44.52
1,3,14,2,38.96
1,3,14,3,31.4075
1,3,15,0,33.4575
1,3,15,1,28.865
1,3,15,2,50.9025
1,3,15,3,56.435
1,3,16,0,46.905
1,3,16,1,48.545
1,3,16,2,60.2875
1,3,16,3,67.89
1,3,17,0,58.62
1,3,17,1,41.5125
1,3,17,2,33.4975
1,3,17,3,24.175
1,3,18,0,16.595
1,3,18,1,11.03
1,3,18,2,8.105
1,3,18,3,5.805
1,3,19,0,3.415
1,3,19,1,2.2025
1,3,19,2,1.04
1,3,19,3,0.4325
1,3,20,0,0.0875
1,3,20,1,0.0
1,3,20,2,0.0
1,3,20,3,0.0
1,3,21,0,0.0
1,3,21,1,0.0
1,3,21,2,0.0
1,3,21,3,0.0
1,3,22,0,0.0
1,3,22,1,0.0
1,3,22,2,0.0
1,3,22,3,0.0
1,3,23,0,0.0
1,3,23,1,0.0
1,3,23,2,0.0
1,3,23,3,0.0
2,3,0,0,0.0
2,3,0,1,0.0
2,3,0,2,0.0
2,3,0,3,0.0
2,3,1,0,0.0
2,3,1,1,0.0
2,3,1,2,0.0
2,3,1,3,0.0
2,3,2,0,0.0
2,3,2,1,0.0
2,3,2,2,0.0
2,3,2,3,0.0
2,3,3,0,0.0
2,3,3,1,0.0
2,3,3,2,0.0
2,3,3,3,0.0
2,3,4,0,0.0
2,3,4,1,0.0
2,3,4,2,0.0
2,3,4,3,0.0
2,3,5,0,0.0
2,3,5,1,0.0
2,3,5,2,0.0
2,3,5,3,0.0
2,3,6,0,0.0
2,3,6,1,0.0
2,3,6,2,0.0
2,3,6,3,0.0
2,3,7,0,0.05
2,3,7,1,0.93
2,3,7,2,2.7325
2,3,7,3,5.095
2,3,8,0,7.005
2,3,8,1,9.0575
2,3,8,2,19.96
2,3,8,3,19.0975
2,3,9,0,20.03
2,3,9,1,29.1525
2,3,9,2,40.0675
2,3,9,3,62.4475
2,3,10,0,54.3675
2,3,10,1,31.9925
2,3,10,2,29.2875
2,3,10,3,62.66
2,3,11,0,41.4925
2,3,11,1,60.6
2,3,11,2,52.3
2,3,11,3,67.555
2,3,12,0,64.5475
2,3,12,1,93.175
2,3,12,2,101.7
2,3,12,3,60.9575
2,3,13,0,59.3525
2,3,13,1,69.1175
2,3,13,2,68.885
2,3,13,3,106.6625
2,3,14,0,125.6
2,3,14,1,103.3025
2,3,14,2,80.725
2,3,14,3,111.5775
2,3,15,0,91.6075
2,3,15,1,111.855
2,3,15,2,108.67
2,3,15,3,109.515
2,3,16,0,104.31
2,3,16,1,100.955
2,3,16,2,97.5725
2,3,16,3,93.645
2,3,17,0,89.8725
2,3,17,1,83.5975
2,3,17,2,75.1875
2,3,17,3,67.3375
2,3,18,0,58.015
2,3,18,1,49.9875
2,3,18,2,41.6825
2,3,18,3,29.5325
2,3,19,0,12.2025
2,3,19,1,5.9575
2,3,19,2,4.61
2,3,19,3,2.7575
2,3,20,0,1.205
2,3,20,1,0.12
2,3,20,2,0.0
2,3,20,3,0.0
2,3,21,0,0.0
2,3,21,1,0.0
2,3,21,2,0.0
2,3,21,3,0.0
2,3,22,0,0.0
2,3,22,1,0.0
2,3,22,2,0.0
2,3,22,3,0.0
2,3,23,0,0.0
2,3,23,1,0.0
2,3,23,2,0.0
2,3,23,3,0.0
3,3,0,0,0.0
3,3,0,1,0.0
3,3,0,2,0.0
3,3,0,3,0.0
3,3,1,0,0.0
3,3,1,1,0.0
3,3,1,2,0.0
3,3,1,3,0.0
3,3,2,0,0.0
3,3,2,1,0.0
3,3,2,2,0.0
3,3,2,3,0.0
3,3,3,0,0.0
3,3,3,1,0.0
3,3,3,2,0.0
3,3,3,3,0.0
3,3,4,0,0.0
3,3,4,1,0.0
3,3,4,2,0.0
3,3,4,3,0.0
3,3,5,0,0.0
3,3,5,1,0.0
3,3,5,2,0.0
3,3,5,3,0.0
3,3,6,0,0.0
3,3,6,1,0.0
3,3,6,2,0.0
3,3,6,3,0.025
3,3,7,0,0.56
3,3,7,1,2.4625
3,3,7,2,4.86
3,3,7,3,6.6825
3,3,8,0,12.155
3,3,8,1,21.5275
3,3,8,2,29.3325
3,3,8,3,36.3025
3,3,9,0,43.8525
3,3,9,1,51.6975
3,3,9,2,59.17
3,3,9,3,66.3975
3,3,10,0,72.485
3,3,10,1,78.105
3,3,10,2,84.255
3,3,10,3,91.865
3,3,11,0,98.79
3,3,11,1,103.53
3,3,11,2,106.74
3,3,11,3,108.6775
3,3,12,0,109.8525
3,3,12,1,111.54
3,3,12,2,114.7675
3,3,12,3,115.93
3,3,13,0,116.34
3,3,13,1,117.7925
3,3,13,2,115.34
3,3,13,3,115.3275
3,3,14,0,117.485
3,3,14,1,116.305
3,3,14,2,115.1075
3,3,14,3,113.2575
3,3,15,0,111.3175
3,3,15,1,109.785
3,3,15,2,108.1075
3,3,15,3,105.35
3,3,16,0,102.0325
3,3,16,1,98.205
3,3,16,2,95.5725
3,3,16,3,91.325
3,3,17,0,86.77
3,3,17,1,79.9575
3,3,17,2,71.7725
3,3,17,3,64.1225
3,3,18,0,56.0775
3,3,18,1,48.3025
3,3,18,2,39.435
3,3,18,3,31.2025
3,3,19,0,22.805
3,3,19,1,14.75
3,3,19,2,10.8025
3,3,19,3,5.7825
3,3,20,0,2.5275
3,3,20,1,0.5275
3,3,20,2,0.0125
3,3,20,3,0.0
3,3,21,0,0.0
3,3,21,1,0.0
3,3,21,2,0.0
3,3,21,3,0.0
3,3,22,0,0.0
3,3,22,1,0.0
3,3,22,2,0.0
3,3,22,3,0.0
3,3,23,0,0.0
3,3,23,1,0.0
3,3,23,2,0.0
3,3,23,3,0.0
4,3,0,0,0.0
4,3,0,1,0.0
4,3,0,2,0.0
4,3,0,3,0.0
4,3,1,0,0.0
4,3,1,1,0.0
4,3,1,2,0.0
4,3,1,3,0.0
4,3,2,0,0.0
4,3,2,1,0.0
4,3,2,2,0.0
4,3,2,3,0.0
4,3,3,0,0.0
4,3,3,1,0.0
4,3,3,2,0.0
4,3,3,3,0.0
4,3,4,0,0.0
4,3,4,1,0.0
4,3,4,2,0.0
4,3,4,3,0.0
4,3,5,0,0.0
4,3,5,1,0.0
4,3,5,2,0.0
4,3,5,3,0.0
4,3,6,0,0.0
4,3,6,1,0.0
4,3,6,2,0.0
4,3,6,3,0.0
4,3,7,0,0.49
4,3,7,1,2.125
4,3,7,2,4.235
4,3,7,3,7.9275
4,3,8,0,14.5025
4,3,8,1,22.215
4,3,8,2,29.6475
4,3,8,3,36.4175
4,3,9,0,43.5275
4,3,9,1,51.0475
4,3,9,2,58.905
4,3,9,3,66.1875
4,3,10,0,72.4075
4,3,10,1,78.235
4,3,10,2,84.62
4,3,10,3,92.0675
4,3,11,0,98.785
4,3,11,1,103.605
4,3,11,2,106.7075
4,3,11,3,109.6025
4,3,12,0,111.8075
4,3,12,1,113.45
4,3,12,2,114.685
4,3,12,3,116.16
4,3,13,0,117.0375
4,3,13,1,117.3525
4,3,13,2,117.445
4,3,13,3,117.52
4,3,14,0,116.615
4,3,14,1,116.525
4,3,14,2,115.4775
4,3,14,3,114.3175
4,3,15,0,112.3825
4,3,15,1,110.61
4,3,15,2,108.105
4,3,15,3,105.26
4,3,16,0,102.6825
4,3,16,1,99.4425
4,3,16,2,96.105
4,3,16,3,92.3075
4,3,17,0,88.025
4,3,17,1,81.7525
4,3,17,2,73.8375
4,3,17,3,66.1525
4,3,18,0,58.1475
4,3,18,1,49.86
4,3,18,2,41.625
4,3,18,3,33.47
4,3,19,0,25.455
4,3,19,1,18.1725
4,3,19,2,11.735
4,3,19,3,5.6975
4,3,20,0,2.4425
4,3,20,1,0.5275
4,3,20,2,0.0125
4,3,20,3,0.0
4,3,21,0,0.0
4,3,21,1,0.0
4,3,21,2,0.0
4,3,21,3,0.0
4,3,22,0,0.0
4,3,22,1,0.0
4,3,22,2,0.0
4,3,22,3,0.0
4,3,23,0,0.0
4,3,23,1,0.0
4,3,23,2,0.0
4,3,23,3,0.0
5,3,0,0,0.0
5,3,0,1,0.0
5,3,0,2,0.0
5,3,0,3,0.0
5,3,1,0,0.0
5,3,1,1,0.0
5,3,1,2,0.0
5,3,1,3,0.0
5,3,2,0,0.0
5,3,2,1,0.0
5,3,2,2,0.0
5,3,2,3,0.0
5,3,3,0,0.0
5,3,3,1,0.0
5,3,3,2,0.0
5,3,3,3,0.0
5,3,4,0,0.0
5,3,4,1,0.0
5,3,4,2,0.0
5,3,4,3,0.0
5,3,5,0,0.0
5,3,5,1,0.0
5,3,5,2,0.0
5,3,5,3,0.0
5,3,6,0,0.0
5,3,6,1,0.0
5,3,6,2,0.0
5,3,6,3,0.0125
5,3,7,0,0.6175
5,3,7,1,2.1175
5,3,7,2,4.025
5,3,7,3,8.2925
5,3,8,0,15.2725
5,3,8,1,23.2025
5,3,8,2,30.8775
5,3,8,3,37.97
5,3,9,0,45.3925
5,3,9,1,53.37
5,3,9,2,60.7325
5,3,9,3,68.7225
5,3,10,0,74.965
5,3,10,1,80.285
5,3,10,2,85.06
5,3,10,3,92.245
5,3,11,0,98.64
5,3,11,1,102.625
5,3,11,2,105.6925
5,3,11,3,107.8025
5,3,12,0,110.0175
5,3,12,1,111.73
5,3,12,2,112.6075
5,3,12,3,113.1575
5,3,13,0,113.485
5,3,13,1,114.3875
5,3,13,2,114.8825
5,3,13,3,116.335
5,3,14,0,90.7325
5,3,14,1,99.8725
5,3,14,2,104.0775
5,3,14,3,101.4425
5,3,15,0,75.4825
5,3,15,1,94.405
5,3,15,2,67.58
5,3,15,3,52.2575
5,3,16,0,57.9025
5,3,16,1,44.555
5,3,16,2,39.19
5,3,16,3,13.155
5,3,17,0,9.45
5,3,17,1,6.1675
5,3,17,2,7.215
5,3,17,3,12.5775
5,3,18,0,13.8875
5,3,18,1,6.635
5,3,18,2,5.4475
5,3,18,3,5.99
5,3,19,0,21.3675
5,3,19,1,22.6625
5,3,19,2,16.13
5,3,19,3,8.885
5,3,20,0,4.8775
5,3,20,1,1.8625
5,3,20,2,0.0825
5,3,20,3,0.0
5,3,21,0,0.0
5,3,21,1,0.0
5,3,21,2,0.0
5,3,21,3,0.0
5,3,22,0,0.0
5,3,22,1,0.0
5,3,22,2,0.0
5,3,22,3,0.0
5,3,23,0,0.0
5,3,23,1,0.0
5,3,23,2,0.0
5,3,23,3,0.0
6,3,0,0,0.0
6,3,0,1,0.0
6,3,0,2,0.0
6,3,0,3,0.0
6,3,1,0,0.0
6,3,1,1,0.0
6,3,1,2,0.0
6,3,1,3,0.0
6,3,2,0,0.0
6,3,2,1,0.0
6,3,2,2,0.0
6,3,2,3,0.0
6,3,3,0,0.0
6,3,3,1,0.0
6,3,3,2,0.0
6,3,3,3,0.0
6,3,4,0,0.0
6,3,4,1,0.0
6,3,4,2,0.0
6,3,4,3,0.0
6,3,5,0,0.0
6,3,5,1,0.0
6,3,5,2,0.0
6,3,5,3,0.0
6,3,6,0,0.0
6,3,6,1,0.0
6,3,6,2,0.0
6,3,6,3,0.0375
6,3,7,0,0.8975
6,3,7,1,2.8725
6,3,7,2,5.3125
6,3,7,3,10.0075
6,3,8,0,17.125
6,3,8,1,25.6575
6,3,8,2,33.735
6,3,8,3,41.185
6,3,9,0,48.2025
6,3,9,1,55.1075
6,3,9,2,61.08
6,3,9,3,66.9225
6,3,10,0,72.9475
6,3,10,1,77.905
6,3,10,2,83.65
6,3,10,3,93.3575
6,3,11,0,97.585
6,3,11,1,100.9825
6,3,11,2,103.9925
6,3,11,3,108.1575
6,3,12,0,111.2775
6,3,12,1,111.645
6,3,12,2,109.635
6,3,12,3,96.22
6,3,13,0,89.8425
6,3,13,1,109.69
6,3,13,2,85.3475
6,3,13,3,116.52
6,3,14,0,114.3375
6,3,14,1,116.485
6,3,14,2,114.495
6,3,14,3,113.1625
6,3,15,0,110.1725
6,3,15,1,109.205
6,3,15,2,107.715
6,3,15,3,104.7875
6,3,16,0,102.3125
6,3,16,1,95.95
6,3,16,2,91.1025
6,3,16,3,90.13
6,3,17,0,87.91
6,3,17,1,80.8325
6,3,17,2,71.7825
6,3,17,3,57.4175
6,3,18,0,52.5925
6,3,18,1,49.1125
6,3,18,2,41.725
6,3,18,3,32.1675
6,3,19,0,25.84
6,3,19,1,20.92
6,3,19,2,15.6375
6,3,19,3,10.1125
6,3,20,0,4.935
6,3,20,1,1.115
6,3,20,2,0.0125
6,3,20,3,0.0
6,3,21,0,0.0
6,3,21,1,0.0
6,3,21,2,0.0
6,3,21,3,0.0
6,3,22,0,0.0
6,3,22,1,0.0
6,3,22,2,0.0
6,3,22,3,0.0
6,3,23,0,0.0
6,3,23,1,0.0
6,3,23,2,0.0
6,3,23,3,0.0
7,3,0,0,0.0
7,3,0,1,0.0
7,3,0,2,0.0
7,3,0,3,0.0
7,3,1,0,0.0
7,3,1,1,0.0
7,3,1,2,0.0
7,3,1,3,0.0
7,3,2,0,0.0
7,3,2,1,0.0
7,3,2,2,0.0
7,3,2,3,0.0
7,3,3,0,0.0
7,3,3,1,0.0
7,3,3,2,0.0
7,3,3,3,0.0
7,3,4,0,0.0
7,3,4,1,0.0
7,3,4,2,0.0
7,3,4,3,0.0
7,3,5,0,0.0
7,3,5,1,0.0
7,3,5,2,0.0
7,3,5,3,0.0
7,3,6,0,0.0
7,3,6,1,0.0
7,3,6,2,0.0
7,3,6,3,0.075
7,3,7,0,0.8025
7,3,7,1,2.9625
7,3,7,2,4.79
7,3,7,3,7.5975
7,3,8,0,14.145
7,3,8,1,19.6325
7,3,8,2,27.9575
7,3,8,3,37.89
7,3,9,0,41.3275
7,3,9,1,44.91
7,3,9,2,54.9625
7,3,9,3,62.995
7,3,10,0,72.3325
7,3,10,1,78.14
7,3,10,2,81.375
7,3,10,3,88.5275
7,3,11,0,91.87
7,3,11,1,95.2025
7,3,11,2,100.12
7,3,11,3,102.7425
7,3,12,0,105.5825
7,3,12,1,106.7925
7,3,12,2,109.315
7,3,12,3,109.5075
7,3,13,0,110.085
7,3,13,1,111.5175
7,3,13,2,111.0825
7,3,13,3,111.795
7,3,14,0,109.25
7,3,14,1,107.185
7,3,14,2,108.4175
7,3,14,3,108.29
7,3,15,0,106.7875
7,3,15,1,104.925
7,3,15,2,100.3225
7,3,15,3,99.145
7,3,16,0,96.1775
7,3,16,1,91.4925
7,3,16,2,85.44
7,3,16,3,88.4275
7,3,17,0,80.745
7,3,17,1,76.0
7,3,17,2,70.5775
7,3,17,3,61.88
7,3,18,0,53.385
7,3,18,1,46.5775
7,3,18,2,38.2125
7,3,18,3,30.925
7,3,19,0,25.6475
7,3,19,1,18.82
7,3,19,2,12.6175
7,3,19,3,7.5325
7,3,20,0,3.7525
7,3,20,1,1.18
7,3,20,2,0.1075
7,3,20,3,0.0
7,3,21,0,0.0
7,3,21,1,0.0
7,3,21,2,0.0
7,3,21,3,0.0
7,3,22,0,0.0
7,3,22,1,0.0
7,3,22,2,0.0
7,3,22,3,0.0
7,3,23,0,0.0
7,3,23,1,0.0
7,3,23,2,0.0
7,3,23,3,0.0
8,3,0,0,0.0
8,3,0,1,0.0
8,3,0,2,0.0
8,3,0,3,0.0
8,3,1,0,0.0
8,3,1,1,0.0
8,3,1,2,0.0
8,3,1,3,0.0
8,3,2,0,0.0
8,3,2,1,0.0
8,3,2,2,0.0
8,3,2,3,0.0
8,3,3,0,0.0
8,3,3,1,0.0
8,3,3,2,0.0
8,3,3,3,0.0
8,3,4,0,0.0
8,3,4,1,0.0
8,3,4,2,0.0
8,3,4,3,0.0
8,3,5,0,0.0
8,3,5,1,0.0
8,3,5,2,0.0
8,3,5,3,0.0
8,3,6,0,0.0
8,3,6,1,0.0
8,3,6,2,0.0
8,3,6,3,0.2275
8,3,7,0,1.41
8,3,7,1,3.4925
8,3,7,2,6.375
8,3,7,3,8.495
8,3,8,0,10.8525
8,3,8,1,12.4875
8,3,8,2,15.3
8,3,8,3,18.2575
8,3,9,0,21.03
8,3,9,1,26.295
8,3,9,2,30.75
8,3,9,3,32.6025
8,3,10,0,38.0975
8,3,10,1,44.0325
8,3,10,2,58.31
8,3,10,3,67.22
8,3,11,0,69.8725
8,3,11,1,91.9175
8,3,11,2,112.1525
8,3,11,3,106.845
8,3,12,0,98.01
8,3,12,1,81.1375
8,3,12,2,114.5625
8,3,12,3,115.035
8,3,13,0,114.105
8,3,13,1,113.935
8,3,13,2,113.9675
8,3,13,3,112.64
8,3,14,0,112.545
8,3,14,1,112.26
8,3,14,2,111.045
8,3,14,3,110.2175
8,3,15,0,109.0425
8,3,15,1,107.3475
8,3,15,2,105.2475
8,3,15,3,102.6
8,3,16,0,99.9475
8,3,16,1,96.45
8,3,16,2,93.535
8,3,16,3,90.1725
8,3,17,0,86.4
8,3,17,1,80.0275
8,3,17,2,72.45
8,3,17,3,64.8075
8,3,18,0,57.6225
8,3,18,1,49.03
8,3,18,2,43.005
8,3,18,3,34.9975
8,3,19,0,27.55
8,3,19,1,20.39
8,3,19,2,12.0475
8,3,19,3,6.415
8,3,20,0,2.8775
8,3,20,1,0.86
8,3,20,2,0.0375
8,3,20,3,0.0
8,3,21,0,0.0
8,3,21,1,0.0
8,3,21,2,0.0
8,3,21,3,0.0
8,3,22,0,0.0
8,3,22,1,0.0
8,3,22,2,0.0
8,3,22,3,0.0
8,3,23,0,0.0
8,3,23,1,0.0
8,3,23,2,0.0
8,3,23,3,0.0
9,3,0,0,0.0
9,3,0,1,0.0
9,3,0,2,0.0
9,3,0,3,0.0
9,3,1,0,0.0
9,3,1,1,0.0
9,3,1,2,0.0
9,3,1,3,0.0
9,3,2,0,0.0
9,3,2,1,0.0
9,3,2,2,0.0
9,3,2,3,0.0
9,3,3,0,0.0
9,3,3,1,0.0
9,3,3,2,0.0
9,3,3,3,0.0
9,3,4,0,0.0
9,3,4,1,0.0
9,3,4,2,0.0
9,3,4,3,0.0
9,3,5,0,0.0
9,3,5,1,0.0
9,3,5,2,0.0
9,3,5,3,0.0
9,3,6,0,0.0
9,3,6,1,0.0
9,3,6,2,0.0
9,3,6,3,0.26
9,3,7,0,1.8625
9,3,7,1,4.725
9,3,7,2,8.0225
9,3,7,3,12.8475
9,3,8,0,18.925
9,3,8,1,23.28
9,3,8,2,33.89
9,3,8,3,39.9925
9,3,9,0,45.2275
9,3,9,1,53.98
9,3,9,2,61.36
9,3,9,3,68.1075
9,3,10,0,76.0525
9,3,10,1,82.235
9,3,10,2,87.185
9,3,10,3,95.76
9,3,11,0,101.52
9,3,11,1,103.565
9,3,11,2,105.8225
9,3,11,3,108.8875
9,3,12,0,110.7825
9,3,12,1,113.35
9,3,12,2,113.6825
9,3,12,3,114.9475
9,3,13,0,115.93
9,3,13,1,115.44
9,3,13,2,116.2525
9,3,13,3,116.8725
9,3,14,0,116.765
9,3,14,1,115.695
9,3,14,2,114.415
9,3,14,3,113.825
9,3,15,0,112.315
9,3,15,1,110.0875
9,3,15,2,107.6775
9,3,15,3,105.4575
9,3,16,0,99.27
9,3,16,1,95.9725
9,3,16,2,93.5125
9,3,16,3,92.325
9,3,17,0,87.8825
9,3,17,1,85.8825
9,3,17,2,67.75
9,3,17,3,68.84
9,3,18,0,53.605
9,3,18,1,51.0675
9,3,18,2,43.8475
9,3,18,3,36.0825
9,3,19,0,30.9875
9,3,19,1,24.21
9,3,19,2,16.705
9,3,19,3,9.57
9,3,20,0,4.065
9,3,20,1,1.48
9,3,20,2,0.1075
9,3,20,3,0.0
9,3,21,0,0.0
9,3,21,1,0.0
9,3,21,2,0.0
9,3,21,3,0.0
9,3,22,0,0.0
9,3,22,1,0.0
9,3,22,2,0.0
9,3,22,3,0.0
9,3,23,0,0.0
9,3,23,1,0.0
9,3,23,2,0.0
9,3,23,3,0.0
10,3,0,0,0.0
10,3,0,1,0.0
10,3,0,2,0.0
10,3,0,3,0.0
10,3,1,0,0.0
10,3,1,1,0.0
10,3,1,2,0.0
10,3,1,3,0.0
10,3,2,0,0.0
10,3,2,1,0.0
10,3,2,2,0.0
10,3,2,3,0.0
10,3,3,0,0.0
10,3,3,1,0.0
10,3,3,2,0.0
10,3,3,3,0.0
10,3,4,0,0.0
10,3,4,1,0.0
10,3,4,2,0.0
10,3,4,3,0.0
10,3,5,0,0.0
10,3,5,1,0.0
10,3,5,2,0.0
10,3,5,3,0.0
10,3,6,0,0.0
10,3,6,1,0.0
10,3,6,2,0.0
10,3,6,3,0.145
10,3,7,0,1.62
10,3,7,1,4.0875
10,3,7,2,7.1775
10,3,7,3,11.75
10,3,8,0,18.955
10,3,8,1,27.14
10,3,8,2,34.395
10,3,8,3,42.3675
10,3,9,0,48.925
10,3,9,1,56.0725
10,3,9,2,62.5125
10,3,9,3,68.6675
10,3,10,0,72.3975
10,3,10,1,78.3
10,3,10,2,87.035
10,3,10,3,96.2675
10,3,11,0,102.1075
10,3,11,1,105.1
10,3,11,2,107.6825
10,3,11,3,110.07
10,3,12,0,112.1875
10,3,12,1,113.355
10,3,12,2,114.145
10,3,12,3,116.2725
10,3,13,0,116.54
10,3,13,1,116.3225
10,3,13,2,115.675
10,3,13,3,115.0
10,3,14,0,114.87
10,3,14,1,115.05
10,3,14,2,113.6325
10,3,14,3,112.66
10,3,15,0,111.2225
10,3,15,1,107.78
10,3,15,2,104.44
10,3,15,3,104.7175
10,3,16,0,101.5775
10,3,16,1,99.3075
10,3,16,2,91.2075
10,3,16,3,91.25
10,3,17,0,89.6675
10,3,17,1,84.56
10,3,17,2,75.7025
10,3,17,3,64.725
10,3,18,0,60.585
10,3,18,1,53.1125
10,3,18,2,42.34
10,3,18,3,38.1075
10,3,19,0,28.7575
10,3,19,1,20.575
10,3,19,2,16.2775
10,3,19,3,10.86
10,3,20,0,5.1425
10,3,20,1,1.825
10,3,20,2,0.285
10,3,20,3,0.0
10,3,21,0,0.0
10,3,21,1,0.0
10,3,21,2,0.0
10,3,21,3,0.0
10,3,22,0,0.0
10,3,22,1,0.0
10,3,22,2,0.0
10,3,22,3,0.0
10,3,23,0,0.0
10,3,23,1,0.0
10,3,23,2,0.0
10,3,23,3,0.0
11,3,0,0,0.0
11,3,0,1,0.0
11,3,0,2,0.0
11,3,0,3,0.0
11,3,1,0,0.0
11,3,1,1,0.0
11,3,1,2,0.0
11,3,1,3,0.0
11,3,2,0,0.0
11,3,2,1,0.0
11,3,2,2,0.0
11,3,2,3,0.0
11,3,3,0,0.0
11,3,3,1,0.0
11,3,3,2,0.0
11,3,3,3,0.0
11,3,4,0,0.0
11,3,4,1,0.0
11,3,4,2,0.0
11,3,4,3,0.0
11,3,5,0,0.0
11,3,5,1,0.0
11,3,5,2,0.0
11,3,5,3,0.0
11,3,6,0,0.0
11,3,6,1,0.0
11,3,6,2,0.0
11,3,6,3,0.445
11,3,7,0,2.3225
11,3,7,1,4.98
11,3,7,2,8.21
11,3,7,3,13.745
11,3,8,0,20.17
11,3,8,1,26.46
11,3,8,2,33.705
11,3,8,3,41.5425
11,3,9,0,47.3225
11,3,9,1,58.19
11,3,9,2,72.7225
11,3,9,3,71.385
11,3,10,0,75.92
11,3,10,1,81.7675
11,3,10,2,98.5475
11,3,10,3,86.545
11,3,11,0,50.515
11,3,11,1,86.7725
11,3,11,2,107.9775
11,3,11,3,116.815
11,3,12,0,114.4
11,3,12,1,110.14
11,3,12,2,112.095
11,3,12,3,119.4025
11,3,13,0,117.36
11,3,13,1,109.5825
11,3,13,2,102.4275
11,3,13,3,112.7525
11,3,14,0,92.2075
11,3,14,1,100.6275
11,3,14,2,102.185
11,3,14,3,98.675
11,3,15,0,86.5425
11,3,15,1,80.8225
11,3,15,2,59.45
11,3,15,3,78.73
11,3,16,0,75.645
11,3,16,1,52.2525
11,3,16,2,43.2
11,3,16,3,51.575
11,3,17,0,66.21
11,3,17,1,76.2925
11,3,17,2,74.56
11,3,17,3,65.1075
11,3,18,0,57.4025
11,3,18,1,49.345
11,3,18,2,30.365
11,3,18,3,32.235
11,3,19,0,25.5725
11,3,19,1,13.275
11,3,19,2,13.6
11,3,19,3,8.9775
11,3,20,0,3.74
11,3,20,1,1.1025
11,3,20,2,0.1525
11,3,20,3,0.0
11,3,21,0,0.0
11,3,21,1,0.0
11,3,21,2,0.0
11,3,21,3,0.0
11,3,22,0,0.0
11,3,22,1,0.0
11,3,22,2,0.0
11,3,22,3,0.0
11,3,23,0,0.0
11,3,23,1,0.0
11,3,23,2,0.0
11,3,23,3,0.0
12,3,0,0,0.0
12,3,0,1,0.0
12,3,0,2,0.0
12,3,0,3,0.0
12,3,1,0,0.0
12,3,1,1,0.0
12,3,1,2,0.0
12,3,1,3,0.0
12,3,2,0,0.0
12,3,2,1,0.0
12,3,2,2,0.0
12,3,2,3,0.0
12,3,3,0,0.0
12,3,3,1,0.0
12,3,3,2,0.0
12,3,3,3,0.0
12,3,4,0,0.0
12,3,4,1,0.0
12,3,4,2,0.0
12,3,4,3,0.0
12,3,5,0,0.0
12,3,5,1,0.0
12,3,5,2,0.0
12,3,5,3,0.0
12,3,6,0,0.0
12,3,6,1,0.0
12,3,6,2,0.0
12,3,6,3,0.145
12,3,7,0,0.81
12,3,7,1,2.425
12,3,7,2,2.4
12,3,7,3,4.9025
12,3,8,0,3.8625
12,3,8,1,7.245
12,3,8,2,10.13
12,3,8,3,19.815
12,3,9,0,28.81
12,3,9,1,39.6625
12,3,9,2,63.0075
12,3,9,3,63.5075
12,3,10,0,54.915
12,3,10,1,38.96
12,3,10,2,87.71
12,3,10,3,102.3425
12,3,11,0,89.74
12,3,11,1,83.1175
12,3,11,2,72.0925
12,3,11,3,64.325
12,3,12,0,120.4225
12,3,12,1,103.3725
12,3,12,2,89.0225
12,3,12,3,97.5925
12,3,13,0,105.3825
12,3,13,1,123.065
12,3,13,2,110.9875
12,3,13,3,99.735
12,3,14,0,117.8675
12,3,14,1,117.1625
12,3,14,2,121.24
12,3,14,3,120.41
12,3,15,0,116.5675
12,3,15,1,116.7325
12,3,15,2,115.2675
12,3,15,3,112.83
12,3,16,0,106.2675
12,3,16,1,99.19
12,3,16,2,97.9625
12,3,16,3,95.86
12,3,17,0,93.315
12,3,17,1,89.29
12,3,17,2,83.165
12,3,17,3,74.58
12,3,18,0,66.1275
12,3,18,1,57.2475
12,3,18,2,48.6875
12,3,18,3,40.6775
12,3,19,0,35.3625
12,3,19,1,24.2825
12,3,19,2,9.7075
12,3,19,3,6.51
12,3,20,0,5.0375
12,3,20,1,1.965
12,3,20,2,0.33
12,3,20,3,0.0
12,3,21,0,0.0
12,3,21,1,0.0
12,3,21,2,0.0
12,3,21,3,0.0
12,3,22,0,0.0
12,3,22,1,0.0
12,3,22,2,0.0
12,3,22,3,0.0
12,3,23,0,0.0
12,3,23,1,0.0
12,3,23,2,0.0
12,3,23,3,0.0
13,3,0,0,0.0
13,3,0,1,0.0
13,3,0,2,0.0
13,3,0,3,0.0
13,3,1,0,0.0
13,3,1,1,0.0
13,3,1,2,0.0
13,3,1,3,0.0
13,3,2,0,0.0
13,3,2,1,0.0
13,3,2,2,0.0
13,3,2,3,0.0
13,3,3,0,0.0
13,3,3,1,0.0
13,3,3,2,0.0
13,3,3,3,0.0
13,3,4,0,0.0
13,3,4,1,0.0
13,3,4,2,0.0
13,3,4,3,0.0
13,3,5,0,0.0
13,3,5,1,0.0
13,3,5,2,0.0
13,3,5,3,0.0
13,3,6,0,0.0
13,3,6,1,0.0
13,3,6,2,0.0
13,3,6,3,0.375
13,3,7,0,2.765
13,3,7,1,6.105
13,3,7,2,8.3225
13,3,7,3,7.65
13,3,8,0,9.405
13,3,8,1,8.4975
13,3,8,2,11.115
13,3,8,3,25.8925
13,3,9,0,28.1675
13,3,9,1,34.9975
13,3,9,2,33.8175
13,3,9,3,37.9925
13,3,10,0,23.6325
13,3,10,1,33.48
13,3,10,2,25.2
13,3,10,3,41.5025
13,3,11,0,53.615
13,3,11,1,27.0125
13,3,11,2,40.2
13,3,11,3,38.3625
13,3,12,0,40.9625
13,3,12,1,63.5825
13,3,12,2,93.6
13,3,12,3,108.5625
13,3,13,0,107.895
13,3,13,1,102.43
13,3,13,2,82.6875
13,3,13,3,83.2875
13,3,14,0,67.5525
13,3,14,1,55.3275
13,3,14,2,48.7525
13,3,14,3,91.2475
13,3,15,0,88.3075
13,3,15,1,81.185
13,3,15,2,71.61
13,3,15,3,58.805
13,3,16,0,78.39
13,3,16,1,80.6575
13,3,16,2,80.055
13,3,16,3,89.0625
13,3,17,0,96.81
13,3,17,1,90.39
13,3,17,2,87.0675
13,3,17,3,79.4975
13,3,18,0,68.545
13,3,18,1,58.58
13,3,18,2,49.6925
13,3,18,3,41.06
13,3,19,0,31.95
13,3,19,1,22.2675
13,3,19,2,15.7275
13,3,19,3,9.47
13,3,20,0,5.79
13,3,20,1,2.405
13,3,20,2,0.3875
13,3,20,3,0.0
13,3,21,0,0.0
13,3,21,1,0.0
13,3,21,2,0.0
13,3,21,3,0.0
13,3,22,0,0.0
13,3,22,1,0.0
13,3,22,2,0.0
13,3,22,3,0.0
13,3,23,0,0.0
13,3,23,1,0.0
13,3,23,2,0.0
13,3,23,3,0.0
14,3,0,0,0.0
14,3,0,1,0.0
14,3,0,2,0.0
14,3,0,3,0.0
14,3,1,0,0.0
14,3,1,1,0.0
14,3,1,2,0.0
14,3,1,3,0.0
14,3,2,0,0.0
14,3,2,1,0.0
14,3,2,2,0.0
14,3,2,3,0.0
14,3,3,0,0.0
14,3,3,1,0.0
14,3,3,2,0.0
14,3,3,3,0.0
14,3,4,0,0.0
14,3,4,1,0.0
14,3,4,2,0.0
14,3,4,3,0.0
14,3,5,0,0.0
14,3,5,1,0.0
14,3,5,2,0.0
14,3,5,3,0.0
14,3,6,0,0.0
14,3,6,1,0.0
14,3,6,2,0.025
14,3,6,3,0.7
14,3,7,0,2.79
14,3,7,1,5.78
14,3,7,2,10.38
14,3,7,3,16.895
14,3,8,0,22.6025
14,3,8,1,28.525
14,3,8,2,41.405
14,3,8,3,49.625
14,3,9,0,56.1575
14,3,9,1,62.1175
14,3,9,2,69.025
14,3,9,3,75.635
14,3,10,0,82.5425
14,3,10,1,85.5675
14,3,10,2,92.2775
14,3,10,3,90.425
14,3,11,0,66.005
14,3,11,1,68.9275
14,3,11,2,71.55
14,3,11,3,101.5775
14,3,12,0,112.9325
14,3,12,1,114.485
14,3,12,2,115.94
14,3,12,3,117.1
14,3,13,0,117.575
14,3,13,1,117.8175
14,3,13,2,118.4125
14,3,13,3,116.985
14,3,14,0,115.505
14,3,14,1,116.0775
14,3,14,2,113.6475
14,3,14,3,111.64
14,3,15,0,111.69
14,3,15,1,107.2675
14,3,15,2,107.6025
14,3,15,3,101.58
14,3,16,0,86.1575
14,3,16,1,78.1025
14,3,16,2,76.3725
14,3,16,3,86.61
14,3,17,0,83.7625
14,3,17,1,84.7375
14,3,17,2,61.23
14,3,17,3,49.1675
14,3,18,0,50.125
14,3,18,1,47.6425
14,3,18,2,42.2775
14,3,18,3,40.475
14,3,19,0,29.7525
14,3,19,1,27.0725
14,3,19,2,21.56
14,3,19,3,13.34
14,3,20,0,8.0125
14,3,20,1,4.105
14,3,20,2,1.1225
14,3,20,3,0.3625
14,3,21,0,0.0
14,3,21,1,0.0
14,3,21,2,0.0
14,3,21,3,0.0
14,3,22,0,0.0
14,3,22,1,0.0
14,3,22,2,0.0
14,3,22,3,0.0
14,3,23,0,0.0
14,3,23,1,0.0
14,3,23,2,0.0
14,3,23,3,0.0
15,3,0,0,0.0
15,3,0,1,0.0
15,3,0,2,0.0
15,3,0,3,0.0
15,3,1,0,0.0
15,3,1,1,0.0
15,3,1,2,0.0
15,3,1,3,0.0
15,3,2,0,0.0
15,3,2,1,0.0
15,3,2,2,0.0
15,3,2,3,0.0
15,3,3,0,0.0
15,3,3,1,0.0
15,3,3,2,0.0
15,3,3,3,0.0
15,3,4,0,0.0
15,3,4,1,0.0
15,3,4,2,0.0
15,3,4,3,0.0
15,3,5,0,0.0
15,3,5,1,0.0
15,3,5,2,0.0
15,3,5,3,0.0
15,3,6,0,0.0
15,3,6,1,0.0
15,3,6,2,0.1825
15,3,6,3,1.4475
15,3,7,0,4.1175
15,3,7,1,7.34
15,3,7,2,9.3775
15,3,7,3,11.275
15,3,8,0,16.5675
15,3,8,1,25.1175
15,3,8,2,28.8675
15,3,8,3,43.86
15,3,9,0,55.2975
15,3,9,1,60.965
15,3,9,2,66.6975
15,3,9,3,71.9875
15,3,10,0,81.1025
15,3,10,1,87.29
15,3,10,2,93.4175
15,3,10,3,99.6275
15,3,11,0,103.315
15,3,11,1,106.4
15,3,11,2,108.69
15,3,11,3,111.1225
15,3,12,0,112.875
15,3,12,1,114.0875
15,3,12,2,115.225
15,3,12,3,115.74
15,3,13,0,115.735
15,3,13,1,115.7825
15,3,13,2,115.7475
15,3,13,3,114.0725
15,3,14,0,114.985
15,3,14,1,113.6125
15,3,14,2,110.12
15,3,14,3,107.94
15,3,15,0,106.78
15,3,15,1,105.765
15,3,15,2,103.76
15,3,15,3,91.5925
15,3,16,0,97.9425
15,3,16,1,91.48
15,3,16,2,93.6025
15,3,16,3,83.8125
15,3,17,0,81.95
15,3,17,1,73.445
15,3,17,2,54.83
15,3,17,3,43.415
15,3,18,0,43.9025
15,3,18,1,39.625
15,3,18,2,36.1725
15,3,18,3,32.2
15,3,19,0,25.3575
15,3,19,1,20.7825
15,3,19,2,14.7025
15,3,19,3,10.3075
15,3,20,0,6.175
15,3,20,1,3.2875
15,3,20,2,0.9175
15,3,20,3,0.0125
15,3,21,0,0.0
15,3,21,1,0.0
15,3,21,2,0.0
15,3,21,3,0.0
15,3,22,0,0.0
15,3,22,1,0.0
15,3,22,2,0.0
15,3,22,3,0.0
15,3,23,0,0.0
15,3,23,1,0.0
15,3,23,2,0.0
15,3,23,3,0.0
16,3,0,0,0.0
16,3,0,1,0.0
16,3,0,2,0.0
16,3,0,3,0.0
16,3,1,0,0.0
16,3,1,1,0.0
16,3,1,2,0.0
16,3,1,3,0.0
16,3,2,0,0.0
16,3,2,1,0.0
16,3,2,2,0.0
16,3,2,3,0.0
16,3,3,0,0.0
16,3,3,1,0.0
16,3,3,2,0.0
16,3,3,3,0.0
16,3,4,0,0.0
16,3,4,1,0.0
16,3,4,2,0.0
16,3,4,3,0.0
16,3,5,0,0.0
16,3,5,1,0.0
16,3,5,2,0.0
16,3,5,3,0.0
16,3,6,0,0.0
16,3,6,1,0.0
16,3,6,2,0.12
16,3,6,3,1.1225
16,3,7,0,3.5375
16,3,7,1,5.5625
16,3,7,2,7.295
16,3,7,3,11.02
16,3,8,0,16.89
16,3,8,1,20.345
16,3,8,2,18.99
16,3,8,3,20.2225
16,3,9,0,39.56
16,3,9,1,59.74
16,3,9,2,66.26
16,3,9,3,73.92
16,3,10,0,82.1425
16,3,10,1,86.0775
16,3,10,2,93.5025
16,3,10,3,99.2825
16,3,11,0,103.7375
16,3,11,1,106.8025
16,3,11,2,109.1675
16,3,11,3,111.57
16,3,12,0,113.8525
16,3,12,1,115.2175
16,3,12,2,116.515
16,3,12,3,117.695
16,3,13,0,118.29
16,3,13,1,119.0575
16,3,13,2,119.57
16,3,13,3,119.4125
16,3,14,0,118.81
16,3,14,1,117.4225
16,3,14,2,116.05
16,3,14,3,114.5125
16,3,15,0,112.655
16,3,15,1,110.74
16,3,15,2,107.465
16,3,15,3,104.91
16,3,16,0,101.1
16,3,16,1,98.4125
16,3,16,2,95.515
16,3,16,3,94.2175
16,3,17,0,89.7525
16,3,17,1,84.3675
16,3,17,2,77.0425
16,3,17,3,69.6175
16,3,18,0,61.6625
16,3,18,1,53.42
16,3,18,2,45.6225
16,3,18,3,38.13
16,3,19,0,30.76
16,3,19,1,23.71
16,3,19,2,17.1
16,3,19,3,11.4475
16,3,20,0,6.595
16,3,20,1,2.8975
16,3,20,2,0.8225
16,3,20,3,0.05
16,3,21,0,0.0
16,3,21,1,0.0
16,3,21,2,0.0
16,3,21,3,0.0
16,3,22,0,0.0
16,3,22,1,0.0
16,3,22,2,0.0
16,3,22,3,0.0
16,3,23,0,0.0
16,3,23,1,0.0
16,3,23,2,0.0
16,3,23,3,0.0
17,3,0,0,0.0
17,3,0,1,0.0
17,3,0,2,0.0
17,3,0,3,0.0
17,3,1,0,0.0
17,3,1,1,0.0
17,3,1,2,0.0
17,3,1,3,0.0
17,3,2,0,0.0
17,3,2,1,0.0
17,3,2,2,0.0
17,3,2,3,0.0
17,3,3,0,0.0
17,3,3,1,0.0
17,3,3,2,0.0
17,3,3,3,0.0
17,3,4,0,0.0
17,3,4,1,0.0
17,3,4,2,0.0
17,3,4,3,0.0
17,3,5,0,0.0
17,3,5,1,0.0
17,3,5,2,0.0
17,3,5,3,0.0
17,3,6,0,0.0
17,3,6,1,0.0
17,3,6,2,0.125
17,3,6,3,1.7675
17,3,7,0,5.365
17,3,7,1,10.8325
17,3,7,2,13.245
17,3,7,3,17.6725
17,3,8,0,25.755
17,3,8,1,26.4575
17,3,8,2,27.9325
17,3,8,3,15.4575
17,3,9,0,10.7075
17,3,9,1,16.525
17,3,9,2,29.3325
17,3,9,3,31.4525
17,3,10,0,30.615
17,3,10,1,54.0025
17,3,10,2,81.8475
17,3,10,3,78.4625
17,3,11,0,97.445
17,3,11,1,64.1075
17,3,11,2,59.2475
17,3,11,3,29.27
17,3,12,0,30.625
17,3,12,1,39.325
17,3,12,2,42.35
17,3,12,3,58.2175
17,3,13,0,53.0525
17,3,13,1,32.0675
17,3,13,2,18.5075
17,3,13,3,12.0
17,3,14,0,14.375
17,3,14,1,17.325
17,3,14,2,11.7475
17,3,14,3,15.7825
17,3,15,0,19.575
17,3,15,1,22.065
17,3,15,2,35.3025
17,3,15,3,46.8
17,3,16,0,32.5
17,3,16,1,12.4825
17,3,16,2,20.515
17,3,16,3,23.6275
17,3,17,0,23.6175
17,3,17,1,19.14
17,3,17,2,11.5525
17,3,17,3,7.255
17,3,18,0,4.955
17,3,18,1,3.825
17,3,18,2,4.4175
17,3,18,3,4.635
17,3,19,0,3.6575
17,3,19,1,3.58
17,3,19,2,2.885
17,3,19,3,1.5825
17,3,20,0,0.8025
17,3,20,1,0.05
17,3,20,2,0.0
17,3,20,3,0.0
17,3,21,0,0.0
17,3,21,1,0.0
17,3,21,2,0.0
17,3,21,3,0.0
17,3,22,0,0.0
17,3,22,1,0.0
17,3,22,2,0.0
17,3,22,3,0.0
17,3,23,0,0.0
17,3,23,1,0.0
17,3,23,2,0.0
17,3,23,3,0.0
18,3,0,0,0.0
18,3,0,1,0.0
18,3,0,2,0.0
18,3,0,3,0.0
18,3,1,0,0.0
18,3,1,1,0.0
18,3,1,2,0.0
18,3,1,3,0.0
18,3,2,0,0.0
18,3,2,1,0.0
18,3,2,2,0.0
18,3,2,3,0.0
18,3,3,0,0.0
18,3,3,1,0.0
18,3,3,2,0.0
18,3,3,3,0.0
18,3,4,0,0.0
18,3,4,1,0.0
18,3,4,2,0.0
18,3,4,3,0.0
18,3,5,0,0.0
18,3,5,1,0.0
18,3,5,2,0.0
18,3,5,3,0.0
18,3,6,0,0.0
18,3,6,1,0.0
18,3,6,2,0.42
18,3,6,3,2.22
18,3,7,0,4.675
18,3,7,1,6.96
18,3,7,2,11.715
18,3,7,3,19.015
18,3,8,0,27.635
18,3,8,1,36.1125
18,3,8,2,44.8475
18,3,8,3,52.7525
18,3,9,0,59.6275
18,3,9,1,65.8875
18,3,9,2,72.265
18,3,9,3,79.0275
18,3,10,0,85.5125
18,3,10,1,91.6475
18,3,10,2,98.7625
18,3,10,3,104.475
18,3,11,0,107.8075
18,3,11,1,111.0025
18,3,11,2,113.745
18,3,11,3,116.4575
18,3,12,0,118.48
18,3,12,1,120.56
18,3,12,2,121.85
18,3,12,3,122.975
18,3,13,0,123.865
18,3,13,1,123.98
18,3,13,2,123.5275
18,3,13,3,123.4175
18,3,14,0,122.895
18,3,14,1,122.245
18,3,14,2,121.165
18,3,14,3,119.8275
18,3,15,0,118.0025
18,3,15,1,116.1275
18,3,15,2,113.72
18,3,15,3,111.045
18,3,16,0,108.3125
18,3,16,1,105.1925
18,3,16,2,102.085
18,3,16,3,98.495
18,3,17,0,94.7825
18,3,17,1,90.84
18,3,17,2,85.66
18,3,17,3,78.285
18,3,18,0,70.09
18,3,18,1,61.715
18,3,18,2,53.3075
18,3,18,3,44.7675
18,3,19,0,36.4775
18,3,19,1,28.4475
18,3,19,2,20.835
18,3,19,3,14.2
18,3,20,0,8.6375
18,3,20,1,3.8975
18,3,20,2,1.575
18,3,20,3,0.3175
18,3,21,0,0.0
18,3,21,1,0.0
18,3,21,2,0.0
18,3,21,3,0.0
18,3,22,0,0.0
18,3,22,1,0.0
18,3,22,2,0.0
18,3,22,3,0.0
18,3,23,0,0.0
18,3,23,1,0.0
18,3,23,2,0.0
18,3,23,3,0.0
19,3,0,0,0.0
19,3,0,1,0.0
19,3,0,2,0.0
19,3,0,3,0.0
19,3,1,0,0.0
19,3,1,1,0.0
19,3,1,2,0.0
19,3,1,3,0.0
19,3,2,0,0.0
19,3,2,1,0.0
19,3,2,2,0.0
19,3,2,3,0.0
19,3,3,0,0.0
19,3,3,1,0.0
19,3,3,2,0.0
19,3,3,3,0.0
19,3,4,0,0.0
19,3,4,1,0.0
19,3,4,2,0.0
19,3,4,3,0.0
19,3,5,0,0.0
19,3,5,1,0.0
19,3,5,2,0.0
19,3,5,3,0.0
19,3,6,0,0.0
19,3,6,1,0.025
19,3,6,2,0.725
19,3,6,3,2.1375
19,3,7,0,3.825
19,3,7,1,6.57
19,3,7,2,12.46
19,3,7,3,20.8675
19,3,8,0,29.8875
19,3,8,1,38.5775
19,3,8,2,46.895
19,3,8,3,54.5225
19,3,9,0,60.8625
19,3,9,1,66.895
19,3,9,2,73.725
19,3,9,3,81.425
19,3,10,0,88.2825
19,3,10,1,93.82
19,3,10,2,100.6625
19,3,10,3,105.905
19,3,11,0,109.3925
19,3,11,1,112.5875
19,3,11,2,115.3275
19,3,11,3,117.21
19,3,12,0,118.995
19,3,12,1,120.5675
19,3,12,2,122.19
19,3,12,3,123.25
19,3,13,0,123.99
19,3,13,1,124.5925
19,3,13,2,124.645
19,3,13,3,124.1625
19,3,14,0,124.0875
19,3,14,1,123.62
19,3,14,2,123.23
19,3,14,3,121.5825
19,3,15,0,119.81
19,3,15,1,117.6825
19,3,15,2,115.4425
19,3,15,3,112.77
19,3,16,0,110.02
19,3,16,1,106.9825
19,3,16,2,103.5925
19,3,16,3,99.535
19,3,17,0,95.5675
19,3,17,1,91.0625
19,3,17,2,86.045
19,3,17,3,78.09
19,3,18,0,70.105
19,3,18,1,61.1975
19,3,18,2,52.88
19,3,18,3,44.1925
19,3,19,0,35.6575
19,3,19,1,27.7075
19,3,19,2,20.56
19,3,19,3,14.015
19,3,20,0,8.625
19,3,20,1,4.275
19,3,20,2,1.805
19,3,20,3,0.395
19,3,21,0,0.0
19,3,21,1,0.0
19,3,21,2,0.0
19,3,21,3,0.0
19,3,22,0,0.0
19,3,22,1,0.0
19,3,22,2,0.0
19,3,22,3,0.0
19,3,23,0,0.0
19,3,23,1,0.0
19,3,23,2,0.0
19,3,23,3,0.0
20,3,0,0,0.0
20,3,0,1,0.0
20,3,0,2,0.0
20,3,0,3,0.0
20,3,1,0,0.0
20,3,1,1,0.0
20,3,1,2,0.0
20,3,1,3,0.0
20,3,2,0,0.0
20,3,2,1,0.0
20,3,2,2,0.0
20,3,2,3,0.0
20,3,3,0,0.0
20,3,3,1,0.0
20,3,3,2,0.0
20,3,3,3,0.0
20,3,4,0,0.0
20,3,4,1,0.0
20,3,4,2,0.0
20,3,4,3,0.0
20,3,5,0,0.0
20,3,5,1,0.0
20,3,5,2,0.0
20,3,5,3,0.0
20,3,6,0,0.0
20,3,6,1,0.075
20,3,6,2,0.8725
20,3,6,3,2.3425
20,3,7,0,3.94
20,3,7,1,7.045
20,3,7,2,13.485
20,3,7,3,22.28
20,3,8,0,31.5175
20,3,8,1,40.43
20,3,8,2,48.9875
20,3,8,3,56.6625
20,3,9,0,63.0225
20,3,9,1,69.5375
20,3,9,2,76.275
20,3,9,3,83.6525
20,3,10,0,90.3
20,3,10,1,94.75
20,3,10,2,102.6725
20,3,10,3,107.0125
20,3,11,0,110.26
20,3,11,1,112.97
20,3,11,2,115.7275
20,3,11,3,117.95
20,3,12,0,119.7275
20,3,12,1,121.3675
20,3,12,2,122.5725
20,3,12,3,123.73
20,3,13,0,124.5675
20,3,13,1,124.895
20,3,13,2,124.8225
20,3,13,3,124.4625
20,3,14,0,123.7675
20,3,14,1,123.025
20,3,14,2,121.8925
20,3,14,3,120.675
20,3,15,0,119.0625
20,3,15,1,116.835
20,3,15,2,114.2225
20,3,15,3,111.6875
20,3,16,0,108.5675
20,3,16,1,105.8525
20,3,16,2,102.0725
20,3,16,3,98.7375
20,3,17,0,95.0175
20,3,17,1,90.1475
20,3,17,2,85.27
20,3,17,3,78.285
20,3,18,0,69.1525
20,3,18,1,60.77
20,3,18,2,52.31
20,3,18,3,45.0175
20,3,19,0,36.7025
20,3,19,1,28.6575
20,3,19,2,21.3975
20,3,19,3,14.71
20,3,20,0,9.155
20,3,20,1,4.595
20,3,20,2,1.945
20,3,20,3,0.445
20,3,21,0,0.0
20,3,21,1,0.0
20,3,21,2,0.0
20,3,21,3,0.0
20,3,22,0,0.0
20,3,22,1,0.0
20,3,22,2,0.0
20,3,22,3,0.0
20,3,23,0,0.0
20,3,23,1,0.0
20,3,23,2,0.0
20,3,23,3,0.0
21,3,0,0,0.0
21,3,0,1,0.0
21,3,0,2,0.0
21,3,0,3,0.0
21,3,1,0,0.0
21,3,1,1,0.0
21,3,1,2,0.0
21,3,1,3,0.0
21,3,2,0,0.0
21,3,2,1,0.0
21,3,2,2,0.0
21,3,2,3,0.0
21,3,3,0,0.0
21,3,3,1,0.0
21,3,3,2,0.0
21,3,3,3,0.0
21,3,4,0,0.0
21,3,4,1,0.0
21,3,4,2,0.0
21,3,4,3,0.0
21,3,5,0,0.0
21,3,5,1,0.0
21,3,5,2,0.0
21,3,5,3,0.0
21,3,6,0,0.0
21,3,6,1,0.12
21,3,6,2,1.09
21,3,6,3,2.63
21,3,7,0,4.375
21,3,7,1,7.6275
21,3,7,2,14.0325
21,3,7,3,22.71
21,3,8,0,31.7175
21,3,8,1,40.4775
21,3,8,2,48.8475
21,3,8,3,56.4325
21,3,9,0,62.5775
21,3,9,1,68.125
21,3,9,2,73.57
21,3,9,3,79.14
21,3,10,0,85.92
21,3,10,1,93.385
21,3,10,2,101.1475
21,3,10,3,105.935
21,3,11,0,109.3025
21,3,11,1,112.32
21,3,11,2,114.8825
21,3,11,3,116.8025
21,3,12,0,118.9375
21,3,12,1,120.8575
21,3,12,2,122.5225
21,3,12,3,123.4025
21,3,13,0,124.0725
21,3,13,1,124.475
21,3,13,2,124.65
21,3,13,3,124.24
21,3,14,0,123.725
21,3,14,1,123.06
21,3,14,2,122.07
21,3,14,3,120.515
21,3,15,0,119.0775
21,3,15,1,116.7325
21,3,15,2,114.47
21,3,15,3,111.9675
21,3,16,0,109.4425
21,3,16,1,105.6425
21,3,16,2,102.335
21,3,16,3,98.9975
21,3,17,0,95.3575
21,3,17,1,91.3925
21,3,17,2,86.31
21,3,17,3,78.805
21,3,18,0,71.055
21,3,18,1,62.935
21,3,18,2,53.9375
21,3,18,3,45.4625
21,3,19,0,37.255
21,3,19,1,29.175
21,3,19,2,21.69
21,3,19,3,15.1625
21,3,20,0,9.5625
21,3,20,1,4.92
21,3,20,2,2.0675
21,3,20,3,0.4125
21,3,21,0,0.0125
21,3,21,1,0.0
21,3,21,2,0.0
21,3,21,3,0.0
21,3,22,0,0.0
21,3,22,1,0.0
21,3,22,2,0.0
21,3,22,3,0.0
21,3,23,0,0.0
21,3,23,1,0.0
21,3,23,2,0.0
21,3,23,3,0.0
22,3,0,0,0.0
22,3,0,1,0.0
22,3,0,2,0.0
22,3,0,3,0.0
22,3,1,0,0.0
22,3,1,1,0.0
22,3,1,2,0.0
22,3,1,3,0.0
22,3,2,0,0.0
22,3,2,1,0.0
22,3,2,2,0.0
22,3,2,3,0.0
22,3,3,0,0.0
22,3,3,1,0.0
22,3,3,2,0.0
22,3,3,3,0.0
22,3,4,0,0.0
22,3,4,1,0.0
22,3,4,2,0.0
22,3,4,3,0.0
22,3,5,0,0.0
22,3,5,1,0.0
22,3,5,2,0.0
22,3,5,3,0.0
22,3,6,0,0.0
22,3,6,1,0.1775
22,3,6,2,1.2175
22,3,6,3,2.77
22,3,7,0,4.5025
22,3,7,1,8.0325
22,3,7,2,14.775
22,3,7,3,23.6925
22,3,8,0,32.775
22,3,8,1,41.4
22,3,8,2,49.4725
22,3,8,3,56.5375
22,3,9,0,62.2625
22,3,9,1,66.9175
22,3,9,2,71.6025
22,3,9,3,77.2775
22,3,10,0,83.725
22,3,10,1,91.315
22,3,10,2,99.2375
22,3,10,3,104.075
22,3,11,0,107.0775
22,3,11,1,109.63
22,3,11,2,111.8
22,3,11,3,113.59
22,3,12,0,115.3725
22,3,12,1,116.8075
22,3,12,2,118.0175
22,3,12,3,118.56
22,3,13,0,118.855
22,3,13,1,119.225
22,3,13,2,119.3625
22,3,13,3,117.8125
22,3,14,0,117.6325
22,3,14,1,117.7825
22,3,14,2,117.085
22,3,14,3,115.915
22,3,15,0,114.4525
22,3,15,1,112.5775
22,3,15,2,110.0875
22,3,15,3,107.4025
22,3,16,0,104.0525
22,3,16,1,101.0
22,3,16,2,98.3925
22,3,16,3,94.695
22,3,17,0,91.7675
22,3,17,1,87.5525
22,3,17,2,82.6125
22,3,17,3,75.595
22,3,18,0,65.6125
22,3,18,1,47.955
22,3,18,2,44.71
22,3,18,3,36.325
22,3,19,0,29.5425
22,3,19,1,21.5025
22,3,19,2,19.96
22,3,19,3,12.7325
22,3,20,0,9.5525
22,3,20,1,5.8675
22,3,20,2,3.0825
22,3,20,3,0.5475
22,3,21,0,0.0
22,3,21,1,0.0
22,3,21,2,0.0
22,3,21,3,0.0
22,3,22,0,0.0
22,3,22,1,0.0
22,3,22,2,0.0
22,3,22,3,0.0
22,3,23,0,0.0
22,3,23,1,0.0
22,3,23,2,0.0
22,3,23,3,0.0
23,3,0,0,0.0
23,3,0,1,0.0
23,3,0,2,0.0
23,3,0,3,0.0
23,3,1,0,0.0
23,3,1,1,0.0
23,3,1,2,0.0
23,3,1,3,0.0
23,3,2,0,0.0
23,3,2,1,0.0
23,3,2,2,0.0
23,3,2,3,0.0
23,3,3,0,0.0
23,3,3,1,0.0
23,3,3,2,0.0
23,3,3,3,0.0
23,3,4,0,0.0
23,3,4,1,0.0
23,3,4,2,0.0
23,3,4,3,0.0
23,3,5,0,0.0
23,3,5,1,0.0
23,3,5,2,0.0
23,3,5,3,0.0
23,3,6,0,0.0
23,3,6,1,0.0625
23,3,6,2,1.415
23,3,6,3,4.84
23,3,7,0,9.19
23,3,7,1,12.5225
23,3,7,2,13.885
23,3,7,3,22.0475
23,3,8,0,36.105
23,3,8,1,43.3275
23,3,8,2,50.185
23,3,8,3,58.195
23,3,9,0,62.585
23,3,9,1,69.61
23,3,9,2,72.7175
23,3,9,3,78.84
23,3,10,0,86.65
23,3,10,1,94.72
23,3,10,2,99.5675
23,3,10,3,102.985
23,3,11,0,107.995
23,3,11,1,111.5925
23,3,11,2,114.2225
23,3,11,3,115.9
23,3,12,0,116.4275
23,3,12,1,120.2325
23,3,12,2,122.2725
23,3,12,3,122.33
23,3,13,0,123.4975
23,3,13,1,117.9925
23,3,13,2,119.2475
23,3,13,3,117.5675
23,3,14,0,120.055
23,3,14,1,124.5725
23,3,14,2,121.515
23,3,14,3,120.87
23,3,15,0,118.0375
23,3,15,1,124.4525
23,3,15,2,126.5675
23,3,15,3,118.8725
23,3,16,0,106.2175
23,3,16,1,108.3925
23,3,16,2,102.2275
23,3,16,3,96.9075
23,3,17,0,93.0425
23,3,17,1,91.9325
23,3,17,2,87.285
23,3,17,3,75.5275
23,3,18,0,75.0025
23,3,18,1,66.9075
23,3,18,2,57.8175
23,3,18,3,48.785
23,3,19,0,40.3575
23,3,19,1,32.11
23,3,19,2,24.4175
23,3,19,3,16.18
23,3,20,0,9.4925
23,3,20,1,5.295
23,3,20,2,2.5725
23,3,20,3,0.815
23,3,21,0,0.0625
23,3,21,1,0.0
23,3,21,2,0.0
23,3,21,3,0.0
23,3,22,0,0.0
23,3,22,1,0.0
23,3,22,2,0.0
23,3,22,3,0.0
23,3,23,0,0.0
23,3,23,1,0.0
23,3,23,2,0.0
23,3,23,3,0.0
24,3,0,0,0.0
24,3,0,1,0.0
24,3,0,2,0.0
24,3,0,3,0.0
24,3,1,0,0.0
24,3,1,1,0.0
24,3,1,2,0.0
24,3,1,3,0.0
24,3,2,0,0.0
24,3,2,1,0.0
24,3,2,2,0.0
24,3,2,3,0.0
24,3,3,0,0.0
24,3,3,1,0.0
24,3,3,2,0.0
24,3,3,3,0.0
24,3,4,0,0.0
24,3,4,1,0.0
24,3,4,2,0.0
24,3,4,3,0.0
24,3,5,0,0.0
24,3,5,1,0.0
24,3,5,2,0.0
24,3,5,3,0.0
24,3,6,0,0.0
24,3,6,1,0.0
24,3,6,2,0.4575
24,3,6,3,1.6075
24,3,7,0,2.3875
24,3,7,1,4.8525
24,3,7,2,9.195
24,3,7,3,16.095
24,3,8,0,16.9875
24,3,8,1,24.495
24,3,8,2,24.295
24,3,8,3,27.0925
24,3,9,0,30.6375
24,3,9,1,34.0275
24,3,9,2,38.115
24,3,9,3,35.42
24,3,10,0,35.74
24,3,10,1,37.7575
24,3,10,2,39.8225
24,3,10,3,38.765
24,3,11,0,35.825
24,3,11,1,34.0425
24,3,11,2,42.7975
24,3,11,3,49.5725
24,3,12,0,56.7225
24,3,12,1,53.22
24,3,12,2,55.0075
24,3,12,3,69.02
24,3,13,0,78.95
24,3,13,1,93.4575
24,3,13,2,93.98
24,3,13,3,88.7325
24,3,14,0,86.5675
24,3,14,1,96.8825
24,3,14,2,108.4225
24,3,14,3,94.8525
24,3,15,0,115.7925
24,3,15,1,117.185
24,3,15,2,116.4175
24,3,15,3,113.7675
24,3,16,0,111.1975
24,3,16,1,108.1075
24,3,16,2,104.835
24,3,16,3,101.4375
24,3,17,0,97.3625
24,3,17,1,93.3175
24,3,17,2,88.79
24,3,17,3,82.6925
24,3,18,0,74.405
24,3,18,1,66.1525
24,3,18,2,57.52
24,3,18,3,49.185
24,3,19,0,40.525
24,3,19,1,32.105
24,3,19,2,24.3525
24,3,19,3,17.4875
24,3,20,0,11.4025
24,3,20,1,6.4975
24,3,20,2,2.9225
24,3,20,3,0.975
24,3,21,0,0.075
24,3,21,1,0.0
24,3,21,2,0.0
24,3,21,3,0.0
24,3,22,0,0.0
24,3,22,1,0.0
24,3,22,2,0.0
24,3,22,3,0.0
24,3,23,0,0.0
24,3,23,1,0.0
24,3,23,2,0.0
24,3,23,3,0.0
25,3,0,0,0.0
25,3,0,1,0.0
25,3,0,2,0.0
25,3,0,3,0.0
25,3,1,0,0.0
25,3,1,1,0.0
25,3,1,2,0.0
25,3,1,3,0.0
25,3,2,0,0.0
25,3,2,1,0.0
25,3,2,2,0.0
25,3,2,3,0.0
25,3,3,0,0.0
25,3,3,1,0.0
25,3,3,2,0.0
25,3,3,3,0.0
25,3,4,0,0.0
25,3,4,1,0.0
25,3,4,2,0.0
25,3,4,3,0.0
25,3,5,0,0.0
25,3,5,1,0.0
25,3,5,2,0.0
25,3,5,3,0.0
25,3,6,0,0.025
25,3,6,1,0.5475
25,3,6,2,2.1375
25,3,6,3,4.355
25,3,7,0,6.9575
25,3,7,1,11.8125
25,3,7,2,19.055
25,3,7,3,28.2175
25,3,8,0,36.2
25,3,8,1,40.2125
25,3,8,2,32.0375
25,3,8,3,34.435
25,3,9,0,39.425
25,3,9,1,40.1675
25,3,9,2,42.3175
25,3,9,3,49.6175
25,3,10,0,67.735
25,3,10,1,107.2325
25,3,10,2,109.32
25,3,10,3,93.415
25,3,11,0,87.8125
25,3,11,1,103.47
25,3,11,2,114.36
25,3,11,3,115.8675
25,3,12,0,117.525
25,3,12,1,119.105
25,3,12,2,120.6375
25,3,12,3,121.6675
25,3,13,0,122.135
25,3,13,1,123.0
25,3,13,2,122.925
25,3,13,3,123.65
25,3,14,0,123.2025
25,3,14,1,122.8375
25,3,14,2,121.465
25,3,14,3,120.5675
25,3,15,0,119.1975
25,3,15,1,116.9825
25,3,15,2,114.82
25,3,15,3,112.5025
25,3,16,0,109.9225
25,3,16,1,106.86
25,3,16,2,103.9
25,3,16,3,100.245
25,3,17,0,96.5975
25,3,17,1,92.8225
25,3,17,2,88.4475
25,3,17,3,82.0125
25,3,18,0,73.7725
25,3,18,1,65.53
25,3,18,2,57.165
25,3,18,3,48.88
25,3,19,0,40.5
25,3,19,1,32.4575
25,3,19,2,24.8175
25,3,19,3,17.9525
25,3,20,0,12.13
25,3,20,1,7.0075
25,3,20,2,3.0425
25,3,20,3,1.0775
25,3,21,0,0.12
25,3,21,1,0.0
25,3,21,2,0.0
25,3,21,3,0.0
25,3,22,0,0.0
25,3,22,1,0.0
25,3,22,2,0.0
25,3,22,3,0.0
25,3,23,0,0.0
25,3,23,1,0.0
25,3,23,2,0.0
25,3,23,3,0.0
26,3,0,0,0.0
26,3,0,1,0.0
26,3,0,2,0.0
26,3,0,3,0.0
26,3,1,0,0.0
26,3,1,1,0.0
26,3,1,2,0.0
26,3,1,3,0.0
26,3,2,0,0.0
26,3,2,1,0.0
26,3,2,2,0.0
26,3,2,3,0.0
26,3,3,0,0.0
26,3,3,1,0.0
26,3,3,2,0.0
26,3,3,3,0.0
26,3,4,0,0.0
26,3,4,1,0.0
26,3,4,2,0.0
26,3,4,3,0.0
26,3,5,0,0.0
26,3,5,1,0.0
26,3,5,2,0.0
26,3,5,3,0.0
26,3,6,0,0.0
26,3,6,1,0.4575
26,3,6,2,1.32
26,3,6,3,3.115
26,3,7,0,5.505
26,3,7,1,11.17
26,3,7,2,12.7725
26,3,7,3,25.1375
26,3,8,0,34.3325
26,3,8,1,43.1925
26,3,8,2,51.12
26,3,8,3,58.8525
26,3,9,0,66.0475
26,3,9,1,71.4925
26,3,9,2,76.3175
26,3,9,3,82.9
26,3,10,0,90.505
26,3,10,1,96.7225
26,3,10,2,100.8775
26,3,10,3,104.1275
26,3,11,0,107.2975
26,3,11,1,109.4175
26,3,11,2,111.6425
26,3,11,3,113.555
26,3,12,0,115.7075
26,3,12,1,116.655
26,3,12,2,117.895
26,3,12,3,121.6075
26,3,13,0,122.5225
26,3,13,1,120.96
26,3,13,2,121.78
26,3,13,3,121.7625
26,3,14,0,121.6425
26,3,14,1,121.8175
26,3,14,2,121.4125
26,3,14,3,116.72
26,3,15,0,116.04
26,3,15,1,113.015
26,3,15,2,113.1725
26,3,15,3,106.91
26,3,16,0,100.6275
26,3,16,1,105.2075
26,3,16,2,99.495
26,3,16,3,93.5425
26,3,17,0,74.0975
26,3,17,1,76.08
26,3,17,2,82.8225
26,3,17,3,85.495
26,3,18,0,75.7975
26,3,18,1,67.8625
26,3,18,2,46.2325
26,3,18,3,40.87
26,3,19,0,22.16
26,3,19,1,23.035
26,3,19,2,21.7975
26,3,19,3,14.1075
26,3,20,0,8.9925
26,3,20,1,4.1625
26,3,20,2,2.815
26,3,20,3,0.7775
26,3,21,0,0.0625
26,3,21,1,0.0
26,3,21,2,0.0
26,3,21,3,0.0
26,3,22,0,0.0
26,3,22,1,0.0
26,3,22,2,0.0
26,3,22,3,0.0
26,3,23,0,0.0
26,3,23,1,0.0
26,3,23,2,0.0
26,3,23,3,0.0
27,3,0,0,0.0
27,3,0,1,0.0
27,3,0,2,0.0
27,3,0,3,0.0
27,3,1,0,0.0
27,3,1,1,0.0
27,3,1,2,0.0
27,3,1,3,0.0
27,3,2,0,0.0
27,3,2,1,0.0
27,3,2,2,0.0
27,3,2,3,0.0
27,3,3,0,0.0
27,3,3,1,0.0
27,3,3,2,0.0
27,3,3,3,0.0
27,3,4,0,0.0
27,3,4,1,0.0
27,3,4,2,0.0
27,3,4,3,0.0
27,3,5,0,0.0
27,3,5,1,0.0
27,3,5,2,0.0
27,3,5,3,0.0
27,3,6,0,0.0
27,3,6,1,0.0375
27,3,6,2,0.2525
27,3,6,3,0.7525
27,3,7,0,0.7775
27,3,7,1,1.065
27,3,7,2,1.69
27,3,7,3,1.6325
27,3,8,0,3.14
27,3,8,1,3.965
27,3,8,2,5.4475
27,3,8,3,10.0975
27,3,9,0,28.5575
27,3,9,1,18.145
27,3,9,2,11.3675
27,3,9,3,15.3525
27,3,10,0,12.6025
27,3,10,1,13.4075
27,3,10,2,23.47
27,3,10,3,16.6325
27,3,11,0,16.37
27,3,11,1,20.76
27,3,11,2,26.885
27,3,11,3,26.565
27,3,12,0,43.5375
27,3,12,1,37.64
27,3,12,2,19.9125
27,3,12,3,24.8025
27,3,13,0,18.2225
27,3,13,1,19.6625
27,3,13,2,24.5175
27,3,13,3,24.41
27,3,14,0,25.7525
27,3,14,1,27.625
27,3,14,2,24.23
27,3,14,3,11.8625
27,3,15,0,11.03
27,3,15,1,24.5275
27,3,15,2,25.6775
27,3,15,3,23.0175
27,3,16,0,14.2775
27,3,16,1,9.44
27,3,16,2,9.7925
27,3,16,3,8.6975
27,3,17,0,6.1425
27,3,17,1,4.0675
27,3,17,2,6.6875
27,3,17,3,8.575
27,3,18,0,11.6075
27,3,18,1,15.1875
27,3,18,2,10.205
27,3,18,3,4.7175
27,3,19,0,1.6175
27,3,19,1,1.4475
27,3,19,2,1.615
27,3,19,3,1.0275
27,3,20,0,1.71
27,3,20,1,0.4575
27,3,20,2,0.2725
27,3,20,3,0.1125
27,3,21,0,0.0
27,3,21,1,0.0
27,3,21,2,0.0
27,3,21,3,0.0
27,3,22,0,0.0
27,3,22,1,0.0
27,3,22,2,0.0
27,3,22,3,0.0
27,3,23,0,0.0
27,3,23,1,0.0
27,3,23,2,0.0
27,3,23,3,0.0
28,3,0,0,0.0
28,3,0,1,0.0
28,3,0,2,0.0
28,3,0,3,0.0
28,3,1,0,0.0
28,3,1,1,0.0
28,3,1,2,0.0
28,3,1,3,0.0
28,3,2,0,0.0
28,3,2,1,0.0
28,3,2,2,0.0
28,3,2,3,0.0
28,3,3,0,0.0
28,3,3,1,0.0
28,3,3,2,0.0
28,3,3,3,0.0
28,3,4,0,0.0
28,3,4,1,0.0
28,3,4,2,0.0
28,3,4,3,0.0
28,3,5,0,0.0
28,3,5,1,0.0
28,3,5,2,0.0
28,3,5,3,0.0
28,3,6,0,0.0
28,3,6,1,0.1775
28,3,6,2,1.39
28,3,6,3,2.7525
28,3,7,0,4.2475
28,3,7,1,7.9025
28,3,7,2,11.835
28,3,7,3,14.795
28,3,8,0,16.7475
28,3,8,1,21.485
28,3,8,2,16.0075
28,3,8,3,15.98
28,3,9,0,11.09
28,3,9,1,16.3175
28,3,9,2,17.1675
28,3,9,3,17.775
28,3,10,0,23.2725
28,3,10,1,37.16
28,3,10,2,19.3625
28,3,10,3,30.1225
28,3,11,0,28.33
28,3,11,1,26.835
28,3,11,2,52.4725
28,3,11,3,57.2675
28,3,12,0,55.35
28,3,12,1,82.35
28,3,12,2,71.9625
28,3,12,3,87.99
28,3,13,0,84.5575
28,3,13,1,109.2475
28,3,13,2,113.0775
28,3,13,3,104.23
28,3,14,0,98.105
28,3,14,1,124.955
28,3,14,2,113.26
28,3,14,3,103.7875
28,3,15,0,108.855
28,3,15,1,97.96
28,3,15,2,74.765
28,3,15,3,114.82
28,3,16,0,104.0025
28,3,16,1,80.1075
28,3,16,2,80.7175
28,3,16,3,66.6075
28,3,17,0,53.6975
28,3,17,1,30.555
28,3,17,2,15.21
28,3,17,3,11.7025
28,3,18,0,7.1
28,3,18,1,7.835
28,3,18,2,10.5875
28,3,18,3,10.9125
28,3,19,0,4.33
28,3,19,1,10.3475
28,3,19,2,10.09
28,3,19,3,6.52
28,3,20,0,2.5225
28,3,20,1,1.3525
28,3,20,2,1.09
28,3,20,3,0.1
28,3,21,0,0.0
28,3,21,1,0.0
28,3,21,2,0.0
28,3,21,3,0.0
28,3,22,0,0.0
28,3,22,1,0.0
28,3,22,2,0.0
28,3,22,3,0.0
28,3,23,0,0.0
28,3,23,1,0.0
28,3,23,2,0.0
28,3,23,3,0.0
29,3,0,0,0.0
29,3,0,1,0.0
29,3,0,2,0.0
29,3,0,3,0.0
29,3,1,0,0.0
29,3,1,1,0.0
29,3,1,2,0.0
29,3,1,3,0.0
29,3,2,0,0.0
29,3,2,1,0.0
29,3,2,2,0.0
29,3,2,3,0.0
29,3,3,0,0.0
29,3,3,1,0.0
29,3,3,2,0.0
29,3,3,3,0.0
29,3,4,0,0.0
29,3,4,1,0.0
29,3,4,2,0.0
29,3,4,3,0.0
29,3,5,0,0.0
29,3,5,1,0.0
29,3,5,2,0.0
29,3,5,3,0.0
29,3,6,0,0.0
29,3,6,1,0.0375
29,3,6,2,0.535
29,3,6,3,1.4475
29,3,7,0,1.2375
29,3,7,1,3.705
29,3,7,2,11.89
29,3,7,3,15.7275
29,3,8,0,21.28
29,3,8,1,50.565
29,3,8,2,47.455
29,3,8,3,67.4425
29,3,9,0,63.2475
29,3,9,1,57.645
29,3,9,2,72.4625
29,3,9,3,64.185
29,3,10,0,68.875
29,3,10,1,48.075
29,3,10,2,75.43
29,3,10,3,56.8975
29,3,11,0,91.745
29,3,11,1,71.675
29,3,11,2,85.105
29,3,11,3,83.5475
29,3,12,0,98.11
29,3,12,1,84.7475
29,3,12,2,111.445
29,3,12,3,92.68
29,3,13,0,115.2225
29,3,13,1,113.8225
29,3,13,2,89.1525
29,3,13,3,88.36
29,3,14,0,90.695
29,3,14,1,114.6775
29,3,14,2,110.1125
29,3,14,3,110.8575
29,3,15,0,81.545
29,3,15,1,79.985
29,3,15,2,99.4425
29,3,15,3,104.635
29,3,16,0,86.3225
29,3,16,1,72.315
29,3,16,2,92.4575
29,3,16,3,97.7175
29,3,17,0,72.7
29,3,17,1,90.3775
29,3,17,2,59.5325
29,3,17,3,63.1625
29,3,18,0,12.9225
29,3,18,1,11.655
29,3,18,2,65.1325
29,3,18,3,36.715
29,3,19,0,15.935
29,3,19,1,9.625
29,3,19,2,12.7925
29,3,19,3,5.1525
29,3,20,0,0.6575
29,3,20,1,0.025
29,3,20,2,1.6575
29,3,20,3,0.8475
29,3,21,0,0.0875
29,3,21,1,0.0
29,3,21,2,0.0
29,3,21,3,0.0
29,3,22,0,0.0
29,3,22,1,0.0
29,3,22,2,0.0
29,3,22,3,0.0
29,3,23,0,0.0
29,3,23,1,0.0
29,3,23,2,0.0
29,3,23,3,0.0
0,4,0,0,0.0
0,4,0,1,0.0
0,4,0,2,0.0
0,4,0,3,0.0
0,4,1,0,0.0
0,4,1,1,0.0
0,4,1,2,0.0
0,4,1,3,0.0
0,4,2,0,0.0
0,4,2,1,0.0
0,4,2,2,0.0
0,4,2,3,0.0
0,4,3,0,0.0
0,4,3,1,0.0
0,4,3,2,0.0
0,4,3,3,0.0
0,4,4,0,0.0
0,4,4,1,0.0
0,4,4,2,0.0
0,4,4,3,0.0
0,4,5,0,0.0
0,4,5,1,0.0
0,4,5,2,0.0
0,4,5,3,0.0
0,4,6,0,0.0
0,4,6,1,0.0
0,4,6,2,0.2225
0,4,6,3,0.88
0,4,7,0,2.63
0,4,7,1,6.5025
0,4,7,2,12.2075
0,4,7,3,12.95
0,4,8,0,17.715
0,4,8,1,16.7875
0,4,8,2,30.385
0,4,8,3,33.8
0,4,9,0,30.5325
0,4,9,1,11.5725
0,4,9,2,2.7275
0,4,9,3,30.0975
0,4,10,0,6.995
0,4,10,1,13.2075
0,4,10,2,51.065
0,4,10,3,71.9425
0,4,11,0,70.5075
0,4,11,1,49.3875
0,4,11,2,21.135
0,4,11,3,34.895
0,4,12,0,33.1225
0,4,12,1,60.2825
0,4,12,2,108.41
0,4,12,3,94.475
0,4,13,0,98.7925
0,4,13,1,113.66
0,4,13,2,114.315
0,4,13,3,99.74
0,4,14,0,109.88
0,4,14,1,104.9975
0,4,14,2,91.7875
0,4,14,3,110.65
0,4,15,0,118.445
0,4,15,1,109.52
0,4,15,2,89.0625
0,4,15,3,100.085
0,4,16,0,114.465
0,4,16,1,113.97
0,4,16,2,98.0875
0,4,16,3,87.4175
0,4,17,0,93.3225
0,4,17,1,72.9925
0,4,17,2,90.615
0,4,17,3,75.2925
0,4,18,0,53.9725
0,4,18,1,67.0175
0,4,18,2,44.3225
0,4,18,3,33.4925
0,4,19,0,35.3075
0,4,19,1,34.0675
0,4,19,2,30.885
0,4,19,3,20.2125
0,4,20,0,8.8175
0,4,20,1,9.2375
0,4,20,2,4.1625
0,4,20,3,1.7225
0,4,21,0,0.5025
0,4,21,1,0.025
0,4,21,2,0.0
0,4,21,3,0.0
0,4,22,0,0.0
0,4,22,1,0.0
0,4,22,2,0.0
0,4,22,3,0.0
0,4,23,0,0.0
0,4,23,1,0.0
0,4,23,2,0.0
0,4,23,3,0.0
1,4,0,0,0.0
1,4,0,1,0.0
1,4,0,2,0.0
1,4,0,3,0.0
1,4,1,0,0.0
1,4,1,1,0.0
1,4,1,2,0.0
1,4,1,3,0.0
1,4,2,0,0.0
1,4,2,1,0.0
1,4,2,2,0.0
1,4,2,3,0.0
1,4,3,0,0.0
1,4,3,1,0.0
1,4,3,2,0.0
1,4,3,3,0.0
1,4,4,0,0.0
1,4,4,1,0.0
1,4,4,2,0.0
1,4,4,3,0.0
1,4,5,0,0.0
1,4,5,1,0.0
1,4,5,2,0.0
1,4,5,3,0.0
1,4,6,0,0.0
1,4,6,1,0.3425
1,4,6,2,4.4825
1,4,6,3,8.6725
1,4,7,0,10.575
1,4,7,1,17.6175
1,4,7,2,25.03
1,4,7,3,31.1125
1,4,8,0,20.875
1,4,8,1,19.7375
1,4,8,2,29.2125
1,4,8,3,22.5325
1,4,9,0,23.2525
1,4,9,1,51.93
1,4,9,2,57.3425
1,4,9,3,53.6975
1,4,10,0,64.6025
1,4,10,1,73.1275
1,4,10,2,54.14
1,4,10,3,84.2625
1,4,11,0,76.4525
1,4,11,1,101.315
1,4,11,2,76.1175
1,4,11,3,101.84
1,4,12,0,118.06
1,4,12,1,104.0375
1,4,12,2,118.255
1,4,12,3,107.93
1,4,13,0,124.035
1,4,13,1,112.765
1,4,13,2,114.905
1,4,13,3,117.3825
1,4,14,0,125.925
1,4,14,1,105.4925
1,4,14,2,88.115
1,4,14,3,102.795
1,4,15,0,115.4625
1,4,15,1,100.805
1,4,15,2,119.675
1,4,15,3,121.22
1,4,16,0,120.0925
1,4,16,1,85.31
1,4,16,2,104.8
1,4,16,3,96.59
1,4,17,0,104.9575
1,4,17,1,101.6575
1,4,17,2,100.4075
1,4,17,3,95.3725
1,4,18,0,89.6825
1,4,18,1,81.7925
1,4,18,2,70.34
1,4,18,3,57.7325
1,4,19,0,53.5775
1,4,19,1,34.94
1,4,19,2,29.3775
1,4,19,3,21.715
1,4,20,0,15.3675
1,4,20,1,8.235
1,4,20,2,3.0575
1,4,20,3,1.505
1,4,21,0,0.4775
1,4,21,1,0.025
1,4,21,2,0.0
1,4,21,3,0.0
1,4,22,0,0.0
1,4,22,1,0.0
1,4,22,2,0.0
1,4,22,3,0.0
1,4,23,0,0.0
1,4,23,1,0.0
1,4,23,2,0.0
1,4,23,3,0.0
2,4,0,0,0.0
2,4,0,1,0.0
2,4,0,2,0.0
2,4,0,3,0.0
2,4,1,0,0.0
2,4,1,1,0.0
2,4,1,2,0.0
2,4,1,3,0.0
2,4,2,0,0.0
2,4,2,1,0.0
2,4,2,2,0.0
2,4,2,3,0.0
2,4,3,0,0.0
2,4,3,1,0.0
2,4,3,2,0.0
2,4,3,3,0.0
2,4,4,0,0.0
2,4,4,1,0.0
2,4,4,2,0.0
2,4,4,3,0.0
2,4,5,0,0.0
2,4,5,1,0.0
2,4,5,2,0.0
2,4,5,3,0.0375
2,4,6,0,0.725
2,4,6,1,2.7375
2,4,6,2,5.95
2,4,6,3,10.5225
2,4,7,0,16.58
2,4,7,1,22.4975
2,4,7,2,22.3825
2,4,7,3,28.675
2,4,8,0,27.7525
2,4,8,1,35.3025
2,4,8,2,38.4125
2,4,8,3,52.955
2,4,9,0,58.36
2,4,9,1,61.065
2,4,9,2,68.43
2,4,9,3,74.0825
2,4,10,0,67.1075
2,4,10,1,68.54
2,4,10,2,78.865
2,4,10,3,89.5775
2,4,11,0,81.5475
2,4,11,1,88.8175
2,4,11,2,91.4525
2,4,11,3,109.46
2,4,12,0,125.0175
2,4,12,1,101.8825
2,4,12,2,95.2825
2,4,12,3,120.1775
2,4,13,0,116.8025
2,4,13,1,119.7575
2,4,13,2,111.3925
2,4,13,3,97.415
2,4,14,0,87.87
2,4,14,1,72.15
2,4,14,2,68.3125
2,4,14,3,87.6375
2,4,15,0,83.3975
2,4,15,1,78.1025
2,4,15,2,80.0575
2,4,15,3,78.18
2,4,16,0,70.175
2,4,16,1,59.335
2,4,16,2,61.5775
2,4,16,3,71.665
2,4,17,0,70.26
2,4,17,1,53.7
2,4,17,2,42.6575
2,4,17,3,49.9475
2,4,18,0,53.8425
2,4,18,1,33.6525
2,4,18,2,26.065
2,4,18,3,23.92
2,4,19,0,15.6925
2,4,19,1,9.7325
2,4,19,2,5.275
2,4,19,3,4.1625
2,4,20,0,2.8025
2,4,20,1,1.455
2,4,20,2,1.2425
2,4,20,3,0.165
2,4,21,0,0.0
2,4,21,1,0.0
2,4,21,2,0.0
2,4,21,3,0.0
2,4,22,0,0.0
2,4,22,1,0.0
2,4,22,2,0.0
2,4,22,3,0.0
2,4,23,0,0.0
2,4,23,1,0.0
2,4,23,2,0.0
2,4,23,3,0.0
3,4,0,0,0.0
3,4,0,1,0.0
3,4,0,2,0.0
3,4,0,3,0.0
3,4,1,0,0.0
3,4,1,1,0.0
3,4,1,2,0.0
3,4,1,3,0.0
3,4,2,0,0.0
3,4,2,1,0.0
3,4,2,2,0.0
3,4,2,3,0.0
3,4,3,0,0.0
3,4,3,1,0.0
3,4,3,2,0.0
3,4,3,3,0.0
3,4,4,0,0.0
3,4,4,1,0.0
3,4,4,2,0.0
3,4,4,3,0.0
3,4,5,0,0.0
3,4,5,1,0.0
3,4,5,2,0.0
3,4,5,3,0.0
3,4,6,0,0.0
3,4,6,1,0.05
3,4,6,2,0.285
3,4,6,3,0.9375
3,4,7,0,2.12
3,4,7,1,3.8575
3,4,7,2,6.45
3,4,7,3,10.645
3,4,8,0,17.3375
3,4,8,1,22.985
3,4,8,2,29.7225
3,4,8,3,38.7175
3,4,9,0,51.04
3,4,9,1,58.9425
3,4,9,2,66.9825
3,4,9,3,75.4975
3,4,10,0,95.46
3,4,10,1,105.685
3,4,10,2,93.0225
3,4,10,3,110.62
3,4,11,0,113.9125
3,4,11,1,116.805
3,4,11,2,118.8325
3,4,11,3,120.62
3,4,12,0,119.7925
3,4,12,1,112.865
3,4,12,2,126.64
3,4,12,3,127.0125
3,4,13,0,127.8375
3,4,13,1,127.8975
3,4,13,2,127.2925
3,4,13,3,127.07
3,4,14,0,126.2425
3,4,14,1,126.4775
3,4,14,2,125.53
3,4,14,3,122.43
3,4,15,0,122.59
3,4,15,1,121.35
3,4,15,2,119.9925
3,4,15,3,117.1775
3,4,16,0,114.485
3,4,16,1,111.305
3,4,16,2,107.9725
3,4,16,3,105.015
3,4,17,0,101.1725
3,4,17,1,97.125
3,4,17,2,92.8375
3,4,17,3,87.96
3,4,18,0,81.67
3,4,18,1,73.4225
3,4,18,2,65.0375
3,4,18,3,56.22
3,4,19,0,47.655
3,4,19,1,39.0
3,4,19,2,30.8925
3,4,19,3,23.19
3,4,20,0,16.42
3,4,20,1,10.63
3,4,20,2,6.045
3,4,20,3,2.7875
3,4,21,0,1.02
3,4,21,1,0.12
3,4,21,2,0.0
3,4,21,3,0.0
3,4,22,0,0.0
3,4,22,1,0.0
3,4,22,2,0.0
3,4,22,3,0.0
3,4,23,0,0.0
3,4,23,1,0.0
3,4,23,2,0.0
3,4,23,3,0.0
4,4,0,0,0.0
4,4,0,1,0.0
4,4,0,2,0.0
4,4,0,3,0.0
4,4,1,0,0.0
4,4,1,1,0.0
4,4,1,2,0.0
4,4,1,3,0.0
4,4,2,0,0.0
4,4,2,1,0.0
4,4,2,2,0.0
4,4,2,3,0.0
4,4,3,0,0.0
4,4,3,1,0.0
4,4,3,2,0.0
4,4,3,3,0.0
4,4,4,0,0.0
4,4,4,1,0.0
4,4,4,2,0.0
4,4,4,3,0.0
4,4,5,0,0.0
4,4,5,1,0.0
4,4,5,2,0.0
4,4,5,3,0.0375
4,4,6,0,0.6875
4,4,6,1,2.0725
4,4,6,2,3.695
4,4,6,3,5.855
4,4,7,0,11.155
4,4,7,1,19.0875
4,4,7,2,28.55
4,4,7,3,38.79
4,4,8,0,47.73
4,4,8,1,56.0975
4,4,8,2,64.76
4,4,8,3,72.605
4,4,9,0,79.09
4,4,9,1,83.2825
4,4,9,2,87.4125
4,4,9,3,95.65
4,4,10,0,102.08
4,4,10,1,107.14
4,4,10,2,110.5875
4,4,10,3,113.6225
4,4,11,0,117.42
4,4,11,1,120.375
4,4,11,2,122.4025
4,4,11,3,124.2725
4,4,12,0,125.125
4,4,12,1,127.95
4,4,12,2,126.4725
4,4,12,3,129.745
4,4,13,0,126.895
4,4,13,1,131.8625
4,4,13,2,131.3525
4,4,13,3,129.3725
4,4,14,0,130.0625
4,4,14,1,129.945
4,4,14,2,129.01
4,4,14,3,128.04
4,4,15,0,125.2275
4,4,15,1,122.735
4,4,15,2,120.2375
4,4,15,3,117.7375
4,4,16,0,113.175
4,4,16,1,112.5175
4,4,16,2,108.805
4,4,16,3,105.4875
4,4,17,0,101.6125
4,4,17,1,98.055
4,4,17,2,93.6525
4,4,17,3,89.1425
4,4,18,0,83.4925
4,4,18,1,75.5525
4,4,18,2,66.79
4,4,18,3,58.2125
4,4,19,0,48.9225
4,4,19,1,40.2125
4,4,19,2,32.285
4,4,19,3,24.6075
4,4,20,0,17.32
4,4,20,1,11.255
4,4,20,2,6.4975
4,4,20,3,3.1
4,4,21,0,1.18
4,4,21,1,0.1575
4,4,21,2,0.0
4,4,21,3,0.0
4,4,22,0,0.0
4,4,22,1,0.0
4,4,22,2,0.0
4,4,22,3,0.0
4,4,23,0,0.0
4,4,23,1,0.0
4,4,23,2,0.0
4,4,23,3,0.0
5,4,0,0,0.0
5,4,0,1,0.0
5,4,0,2,0.0
5,4,0,3,0.0
5,4,1,0,0.0
5,4,1,1,0.0
5,4,1,2,0.0
5,4,1,3,0.0
5,4,2,0,0.0
5,4,2,1,0.0
5,4,2,2,0.0
5,4,2,3,0.0
5,4,3,0,0.0
5,4,3,1,0.0
5,4,3,2,0.0
5,4,3,3,0.0
5,4,4,0,0.0
5,4,4,1,0.0
5,4,4,2,0.0
5,4,4,3,0.0
5,4,5,0,0.0
5,4,5,1,0.0
5,4,5,2,0.0
5,4,5,3,0.05
5,4,6,0,0.745
5,4,6,1,2.175
5,4,6,2,3.835
5,4,6,3,5.81
5,4,7,0,11.1525
5,4,7,1,19.055
5,4,7,2,28.2725
5,4,7,3,38.0425
5,4,8,0,46.955
5,4,8,1,55.04
5,4,8,2,62.615
5,4,8,3,69.725
5,4,9,0,75.48
5,4,9,1,79.2675
5,4,9,2,83.92
5,4,9,3,89.6775
5,4,10,0,97.3575
5,4,10,1,103.6175
5,4,10,2,106.95
5,4,10,3,109.67
5,4,11,0,112.695
5,4,11,1,115.515
5,4,11,2,118.1425
5,4,11,3,119.4825
5,4,12,0,121.505
5,4,12,1,122.3575
5,4,12,2,123.4775
5,4,12,3,124.26
5,4,13,0,124.6675
5,4,13,1,125.0075
5,4,13,2,125.9125
5,4,13,3,126.3175
5,4,14,0,126.6925
5,4,14,1,126.1175
5,4,14,2,125.305
5,4,14,3,124.2675
5,4,15,0,122.905
5,4,15,1,121.4425
5,4,15,2,119.4
5,4,15,3,117.0025
5,4,16,0,114.3475
5,4,16,1,111.365
5,4,16,2,108.27
5,4,16,3,104.85
5,4,17,0,101.1225
5,4,17,1,96.76
5,4,17,2,92.97
5,4,17,3,88.645
5,4,18,0,82.1575
5,4,18,1,73.9275
5,4,18,2,65.975
5,4,18,3,57.83
5,4,19,0,48.85
5,4,19,1,41.095
5,4,19,2,32.72
5,4,19,3,23.605
5,4,20,0,17.64
5,4,20,1,11.7725
5,4,20,2,6.7725
5,4,20,3,3.26
5,4,21,0,1.275
5,4,21,1,0.26
5,4,21,2,0.0
5,4,21,3,0.0
5,4,22,0,0.0
5,4,22,1,0.0
5,4,22,2,0.0
5,4,22,3,0.0
5,4,23,0,0.0
5,4,23,1,0.0
5,4,23,2,0.0
5,4,23,3,0.0
6,4,0,0,0.0
6,4,0,1,0.0
6,4,0,2,0.0
6,4,0,3,0.0
6,4,1,0,0.0
6,4,1,1,0.0
6,4,1,2,0.0
6,4,1,3,0.0
6,4,2,0,0.0
6,4,2,1,0.0
6,4,2,2,0.0
6,4,2,3,0.0
6,4,3,0,0.0
6,4,3,1,0.0
6,4,3,2,0.0
6,4,3,3,0.0
6,4,4,0,0.0
6,4,4,1,0.0
6,4,4,2,0.0
6,4,4,3,0.0
6,4,5,0,0.0
6,4,5,1,0.0
6,4,5,2,0.0
6,4,5,3,0.075
6,4,6,0,0.93
6,4,6,1,2.495
6,4,6,2,4.315
6,4,6,3,6.62
6,4,7,0,12.3475
6,4,7,1,20.17
6,4,7,2,29.4
6,4,7,3,38.9475
6,4,8,0,47.3275
6,4,8,1,55.5875
6,4,8,2,63.455
6,4,8,3,71.475
6,4,9,0,77.8725
6,4,9,1,82.3075
6,4,9,2,85.5075
6,4,9,3,91.79
6,4,10,0,98.0375
6,4,10,1,102.8075
6,4,10,2,106.34
6,4,10,3,109.405
6,4,11,0,112.05
6,4,11,1,114.5425
6,4,11,2,116.395
6,4,11,3,118.4025
6,4,12,0,120.22
6,4,12,1,121.4875
6,4,12,2,121.4725
6,4,12,3,123.7375
6,4,13,0,124.1175
6,4,13,1,123.425
6,4,13,2,123.1725
6,4,13,3,123.6525
6,4,14,0,122.26
6,4,14,1,119.965
6,4,14,2,120.8975
6,4,14,3,120.605
6,4,15,0,115.8775
6,4,15,1,116.1575
6,4,15,2,114.03
6,4,15,3,112.475
6,4,16,0,109.3825
6,4,16,1,96.3025
6,4,16,2,95.3975
6,4,16,3,95.865
6,4,17,0,100.135
6,4,17,1,69.73
6,4,17,2,77.8825
6,4,17,3,88.5875
6,4,18,0,82.465
6,4,18,1,67.8975
6,4,18,2,58.8825
6,4,18,3,55.1875
6,4,19,0,49.77
6,4,19,1,31.945
6,4,19,2,30.805
6,4,19,3,18.315
6,4,20,0,16.8475
6,4,20,1,14.6125
6,4,20,2,10.4975
6,4,20,3,4.84
6,4,21,0,1.7475
6,4,21,1,0.3875
6,4,21,2,0.025
6,4,21,3,0.0
6,4,22,0,0.0
6,4,22,1,0.0
6,4,22,2,0.0
6,4,22,3,0.0
6,4,23,0,0.0
6,4,23,1,0.0
6,4,23,2,0.0
6,4,23,3,0.0
7,4,0,0,0.0
7,4,0,1,0.0
7,4,0,2,0.0
7,4,0,3,0.0
7,4,1,0,0.0
7,4,1,1,0.0
7,4,1,2,0.0
7,4,1,3,0.0
7,4,2,0,0.0
7,4,2,1,0.0
7,4,2,2,0.0
7,4,2,3,0.0
7,4,3,0,0.0
7,4,3,1,0.0
7,4,3,2,0.0
7,4,3,3,0.0
7,4,4,0,0.0
7,4,4,1,0.0
7,4,4,2,0.0
7,4,4,3,0.0
7,4,5,0,0.0
7,4,5,1,0.0
7,4,5,2,0.0
7,4,5,3,0.265
7,4,6,0,1.0075
7,4,6,1,2.77
7,4,6,2,5.4325
7,4,6,3,9.7
7,4,7,0,15.0125
7,4,7,1,21.9875
7,4,7,2,28.5975
7,4,7,3,33.395
7,4,8,0,42.8625
7,4,8,1,53.3025
7,4,8,2,61.0275
7,4,8,3,67.8175
7,4,9,0,69.1025
7,4,9,1,78.5575
7,4,9,2,82.5875
7,4,9,3,87.65
7,4,10,0,94.5125
7,4,10,1,101.05
7,4,10,2,104.405
7,4,10,3,106.4975
7,4,11,0,109.27
7,4,11,1,111.6325
7,4,11,2,113.535
7,4,11,3,114.9475
7,4,12,0,116.8275
7,4,12,1,118.4675
7,4,12,2,119.28
7,4,12,3,120.2775
7,4,13,0,120.055
7,4,13,1,122.8675
7,4,13,2,123.145
7,4,13,3,112.845
7,4,14,0,78.4125
7,4,14,1,81.7725
7,4,14,2,84.06
7,4,14,3,101.3
7,4,15,0,101.96
7,4,15,1,91.215
7,4,15,2,88.185
7,4,15,3,84.26
7,4,16,0,81.785
7,4,16,1,91.8325
7,4,16,2,98.725
7,4,16,3,95.2575
7,4,17,0,99.37
7,4,17,1,84.5025
7,4,17,2,72.6775
7,4,17,3,62.0375
7,4,18,0,42.5125
7,4,18,1,63.4975
7,4,18,2,61.35
7,4,18,3,59.745
7,4,19,0,48.4925
7,4,19,1,42.6975
7,4,19,2,36.9025
7,4,19,3,28.005
7,4,20,0,25.1725
7,4,20,1,15.8475
7,4,20,2,10.3175
7,4,20,3,5.0175
7,4,21,0,1.5375
7,4,21,1,0.3425
7,4,21,2,0.0
7,4,21,3,0.0
7,4,22,0,0.0
7,4,22,1,0.0
7,4,22,2,0.0
7,4,22,3,0.0
7,4,23,0,0.0
7,4,23,1,0.0
7,4,23,2,0.0
7,4,23,3,0.0
8,4,0,0,0.0
8,4,0,1,0.0
8,4,0,2,0.0
8,4,0,3,0.0
8,4,1,0,0.0
8,4,1,1,0.0
8,4,1,2,0.0
8,4,1,3,0.0
8,4,2,0,0.0
8,4,2,1,0.0
8,4,2,2,0.0
8,4,2,3,0.0
8,4,3,0,0.0
8,4,3,1,0.0
8,4,3,2,0.0
8,4,3,3,0.0
8,4,4,0,0.0
8,4,4,1,0.0
8,4,4,2,0.0
8,4,4,3,0.0
8,4,5,0,0.0
8,4,5,1,0.0
8,4,5,2,0.0
8,4,5,3,0.33
8,4,6,0,1.645
8,4,6,1,4.335
8,4,6,2,7.8225
8,4,6,3,12.53
8,4,7,0,15.695
8,4,7,1,19.43
8,4,7,2,26.7975
8,4,7,3,41.28
8,4,8,0,47.5625
8,4,8,1,41.7
8,4,8,2,53.2225
8,4,8,3,55.6875
8,4,9,0,56.78
8,4,9,1,63.2575
8,4,9,2,69.245
8,4,9,3,82.82
8,4,10,0,95.815
8,4,10,1,100.6575
8,4,10,2,105.7125
8,4,10,3,108.44
8,4,11,0,111.7225
8,4,11,1,114.58
8,4,11,2,117.0525
8,4,11,3,118.8925
8,4,12,0,120.5625
8,4,12,1,121.7075
8,4,12,2,122.3175
8,4,12,3,123.3075
8,4,13,0,124.125
8,4,13,1,124.6425
8,4,13,2,124.7275
8,4,13,3,124.195
8,4,14,0,123.685
8,4,14,1,122.8775
8,4,14,2,121.8775
8,4,14,3,120.1525
8,4,15,0,118.72
8,4,15,1,117.185
8,4,15,2,114.915
8,4,15,3,112.7525
8,4,16,0,110.61
8,4,16,1,107.6
8,4,16,2,105.1975
8,4,16,3,101.3825
8,4,17,0,98.165
8,4,17,1,92.5925
8,4,17,2,82.96
8,4,17,3,85.5575
8,4,18,0,72.98
8,4,18,1,70.2725
8,4,18,2,63.2
8,4,18,3,55.495
8,4,19,0,46.7825
8,4,19,1,39.5025
8,4,19,2,25.9075
8,4,19,3,22.9275
8,4,20,0,16.8475
8,4,20,1,10.655
8,4,20,2,7.52
8,4,20,3,4.7675
8,4,21,0,1.805
8,4,21,1,0.2475
8,4,21,2,0.0
8,4,21,3,0.0
8,4,22,0,0.0
8,4,22,1,0.0
8,4,22,2,0.0
8,4,22,3,0.0
8,4,23,0,0.0
8,4,23,1,0.0
8,4,23,2,0.0
8,4,23,3,0.0
9,4,0,0,0.0
9,4,0,1,0.0
9,4,0,2,0.0
9,4,0,3,0.0
9,4,1,0,0.0
9,4,1,1,0.0
9,4,1,2,0.0
9,4,1,3,0.0
9,4,2,0,0.0
9,4,2,1,0.0
9,4,2,2,0.0
9,4,2,3,0.0
9,4,3,0,0.0
9,4,3,1,0.0
9,4,3,2,0.0
9,4,3,3,0.0
9,4,4,0,0.0
9,4,4,1,0.0
9,4,4,2,0.0
9,4,4,3,0.0
9,4,5,0,0.0
9,4,5,1,0.0
9,4,5,2,0.0
9,4,5,3,0.65
9,4,6,0,2.54
9,4,6,1,4.9225
9,4,6,2,7.965
9,4,6,3,12.875
9,4,7,0,15.795
9,4,7,1,14.2075
9,4,7,2,11.6625
9,4,7,3,17.73
9,4,8,0,26.8875
9,4,8,1,35.86
9,4,8,2,36.7025
9,4,8,3,34.26
9,4,9,0,47.09
9,4,9,1,62.84
9,4,9,2,58.195
9,4,9,3,74.3875
9,4,10,0,87.07
9,4,10,1,87.295
9,4,10,2,82.48
9,4,10,3,105.3925
9,4,11,0,109.6475
9,4,11,1,104.9175
9,4,11,2,91.68
9,4,11,3,76.9575
9,4,12,0,108.595
9,4,12,1,128.0275
9,4,12,2,121.6075
9,4,12,3,88.23
9,4,13,0,85.0025
9,4,13,1,71.045
9,4,13,2,60.215
9,4,13,3,62.805
9,4,14,0,71.725
9,4,14,1,66.645
9,4,14,2,72.0975
9,4,14,3,80.0475
9,4,15,0,96.42
9,4,15,1,107.545
9,4,15,2,88.9625
9,4,15,3,65.2375
9,4,16,0,57.6475
9,4,16,1,59.2125
9,4,16,2,65.1575
9,4,16,3,54.145
9,4,17,0,50.34
9,4,17,1,40.3825
9,4,17,2,23.6325
9,4,17,3,17.6725
9,4,18,0,14.88
9,4,18,1,15.0175
9,4,18,2,11.4875
9,4,18,3,10.9675
9,4,19,0,9.165
9,4,19,1,7.7925
9,4,19,2,7.4425
9,4,19,3,9.2425
9,4,20,0,6.59
9,4,20,1,3.7425
9,4,20,2,3.1275
9,4,20,3,2.33
9,4,21,0,0.3625
9,4,21,1,0.0
9,4,21,2,0.0
9,4,21,3,0.0
9,4,22,0,0.0
9,4,22,1,0.0
9,4,22,2,0.0
9,4,22,3,0.0
9,4,23,0,0.0
9,4,23,1,0.0
9,4,23,2,0.0
9,4,23,3,0.0
10,4,0,0,0.0
10,4,0,1,0.0
10,4,0,2,0.0
10,4,0,3,0.0
10,4,1,0,0.0
10,4,1,1,0.0
10,4,1,2,0.0
10,4,1,3,0.0
10,4,2,0,0.0
10,4,2,1,0.0
10,4,2,2,0.0
10,4,2,3,0.0
10,4,3,0,0.0
10,4,3,1,0.0
10,4,3,2,0.0
10,4,3,3,0.0
10,4,4,0,0.0
10,4,4,1,0.0
10,4,4,2,0.0
10,4,4,3,0.0
10,4,5,0,0.0
10,4,5,1,0.0
10,4,5,2,0.0
10,4,5,3,0.4
10,4,6,0,1.9725
10,4,6,1,3.9775
10,4,6,2,7.8175
10,4,6,3,13.7725
10,4,7,0,17.7025
10,4,7,1,16.74
10,4,7,2,22.7125
10,4,7,3,37.42
10,4,8,0,64.13
10,4,8,1,59.3875
10,4,8,2,67.7375
10,4,8,3,77.4
10,4,9,0,85.8425
10,4,9,1,91.64
10,4,9,2,88.5275
10,4,9,3,74.4175
10,4,10,0,94.2425
10,4,10,1,112.005
10,4,10,2,113.5325
10,4,10,3,99.6825
10,4,11,0,62.9425
10,4,11,1,66.06
10,4,11,2,74.0825
10,4,11,3,111.09
10,4,12,0,105.995
10,4,12,1,112.595
10,4,12,2,80.415
10,4,12,3,106.7125
10,4,13,0,115.18
10,4,13,1,105.56
10,4,13,2,102.9425
10,4,13,3,115.82
10,4,14,0,79.5125
10,4,14,1,98.025
10,4,14,2,87.04
10,4,14,3,105.3375
10,4,15,0,111.475
10,4,15,1,124.94
10,4,15,2,125.71
10,4,15,3,122.4075
10,4,16,0,112.9
10,4,16,1,112.075
10,4,16,2,117.115
10,4,16,3,110.96
10,4,17,0,106.12
10,4,17,1,100.3975
10,4,17,2,96.6475
10,4,17,3,95.2025
10,4,18,0,88.5925
10,4,18,1,81.5625
10,4,18,2,72.13
10,4,18,3,63.2125
10,4,19,0,54.445
10,4,19,1,45.24
10,4,19,2,36.815
10,4,19,3,26.4725
10,4,20,0,16.995
10,4,20,1,10.4075
10,4,20,2,6.0475
10,4,20,3,3.765
10,4,21,0,2.95
10,4,21,1,0.6875
10,4,21,2,0.0375
10,4,21,3,0.0
10,4,22,0,0.0
10,4,22,1,0.0
10,4,22,2,0.0
10,4,22,3,0.0
10,4,23,0,0.0
10,4,23,1,0.0
10,4,23,2,0.0
10,4,23,3,0.0
11,4,0,0,0.0
11,4,0,1,0.0
11,4,0,2,0.0
11,4,0,3,0.0
11,4,1,0,0.0
11,4,1,1,0.0
11,4,1,2,0.0
11,4,1,3,0.0
11,4,2,0,0.0
11,4,2,1,0.0
11,4,2,2,0.0
11,4,2,3,0.0
11,4,3,0,0.0
11,4,3,1,0.0
11,4,3,2,0.0
11,4,3,3,0.0
11,4,4,0,0.0
11,4,4,1,0.0
11,4,4,2,0.0
11,4,4,3,0.0
11,4,5,0,0.0
11,4,5,1,0.0
11,4,5,2,0.0
11,4,5,3,0.075
11,4,6,0,1.0325
11,4,6,1,3.065
11,4,6,2,9.2075
11,4,6,3,18.0825
11,4,7,0,13.935
11,4,7,1,5.4075
11,4,7,2,16.1475
11,4,7,3,27.7475
11,4,8,0,39.25
11,4,8,1,64.3225
11,4,8,2,78.1375
11,4,8,3,64.9225
11,4,9,0,17.265
11,4,9,1,7.86
11,4,9,2,32.7075
11,4,9,3,43.3775
11,4,10,0,54.36
11,4,10,1,66.705
11,4,10,2,100.2125
11,4,10,3,53.7075
11,4,11,0,38.755
11,4,11,1,43.2725
11,4,11,2,32.81
11,4,11,3,39.93
11,4,12,0,54.5
11,4,12,1,59.845
11,4,12,2,51.185
11,4,12,3,70.7425
11,4,13,0,44.32
11,4,13,1,71.36
11,4,13,2,56.075
11,4,13,3,46.045
11,4,14,0,47.83
11,4,14,1,53.375
11,4,14,2,79.05
11,4,14,3,65.7275
11,4,15,0,104.395
11,4,15,1,123.7675
11,4,15,2,92.175
11,4,15,3,110.79
11,4,16,0,90.4325
11,4,16,1,73.725
11,4,16,2,114.8925
11,4,16,3,111.5475
11,4,17,0,105.8
11,4,17,1,104.225
11,4,17,2,100.0575
11,4,17,3,96.8675
11,4,18,0,87.3675
11,4,18,1,60.575
11,4,18,2,56.765
11,4,18,3,61.3975
11,4,19,0,24.355
11,4,19,1,31.445
11,4,19,2,16.8225
11,4,19,3,12.02
11,4,20,0,7.35
11,4,20,1,3.965
11,4,20,2,2.17
11,4,20,3,1.02
11,4,21,0,0.2275
11,4,21,1,0.0125
11,4,21,2,0.0
11,4,21,3,0.0
11,4,22,0,0.0
11,4,22,1,0.0
11,4,22,2,0.0
11,4,22,3,0.0
11,4,23,0,0.0
11,4,23,1,0.0
11,4,23,2,0.0
11,4,23,3,0.0
12,4,0,0,0.0
12,4,0,1,0.0
12,4,0,2,0.0
12,4,0,3,0.0
12,4,1,0,0.0
12,4,1,1,0.0
12,4,1,2,0.0
12,4,1,3,0.0
12,4,2,0,0.0
12,4,2,1,0.0
12,4,2,2,0.0
12,4,2,3,0.0
12,4,3,0,0.0
12,4,3,1,0.0
12,4,3,2,0.0
12,4,3,3,0.0
12,4,4,0,0.0
12,4,4,1,0.0
12,4,4,2,0.0
12,4,4,3,0.0
12,4,5,0,0.0
12,4,5,1,0.0
12,4,5,2,0.025
12,4,5,3,0.5275
12,4,6,0,1.83
12,4,6,1,3.4975
12,4,6,2,5.3475
12,4,6,3,9.5475
12,4,7,0,16.7575
12,4,7,1,25.545
12,4,7,2,35.375
12,4,7,3,46.005
12,4,8,0,45.7675
12,4,8,1,50.615
12,4,8,2,59.275
12,4,8,3,27.88
12,4,9,0,55.4325
12,4,9,1,57.6
12,4,9,2,41.485
12,4,9,3,75.6575
12,4,10,0,70.6325
12,4,10,1,65.735
12,4,10,2,57.625
12,4,10,3,44.15
12,4,11,0,55.855
12,4,11,1,117.885
12,4,11,2,113.39
12,4,11,3,119.705
12,4,12,0,119.955
12,4,12,1,115.6275
12,4,12,2,118.0075
12,4,12,3,125.31
12,4,13,0,116.0125
12,4,13,1,123.9725
12,4,13,2,113.6425
12,4,13,3,126.0075
12,4,14,0,119.795
12,4,14,1,116.0825
12,4,14,2,129.9475
12,4,14,3,106.4325
12,4,15,0,118.7775
12,4,15,1,126.7875
12,4,15,2,126.785
12,4,15,3,124.905
12,4,16,0,121.9575
12,4,16,1,117.5575
12,4,16,2,115.54
12,4,16,3,111.1025
12,4,17,0,107.1075
12,4,17,1,102.945
12,4,17,2,98.765
12,4,17,3,94.485
12,4,18,0,89.7925
12,4,18,1,84.535
12,4,18,2,74.78
12,4,18,3,65.75
12,4,19,0,56.0375
12,4,19,1,37.7575
12,4,19,2,31.36
12,4,19,3,35.7425
12,4,20,0,13.6025
12,4,20,1,6.9475
12,4,20,2,6.1225
12,4,20,3,3.9
12,4,21,0,2.335
12,4,21,1,0.8475
12,4,21,2,0.1075
12,4,21,3,0.0
12,4,22,0,0.0
12,4,22,1,0.0
12,4,22,2,0.0
12,4,22,3,0.0
12,4,23,0,0.0
12,4,23,1,0.0
12,4,23,2,0.0
12,4,23,3,0.0
13,4,0,0,0.0
13,4,0,1,0.0
13,4,0,2,0.0
13,4,0,3,0.0
13,4,1,0,0.0
13,4,1,1,0.0
13,4,1,2,0.0
13,4,1,3,0.0
13,4,2,0,0.0
13,4,2,1,0.0
13,4,2,2,0.0
13,4,2,3,0.0
13,4,3,0,0.0
13,4,3,1,0.0
13,4,3,2,0.0
13,4,3,3,0.0
13,4,4,0,0.0
13,4,4,1,0.0
13,4,4,2,0.0
13,4,4,3,0.0
13,4,5,0,0.0
13,4,5,1,0.0
13,4,5,2,0.05
13,4,5,3,0.6425
13,4,6,0,1.9325
13,4,6,1,3.4275
13,4,6,2,5.3125
13,4,6,3,9.91
13,4,7,0,17.3075
13,4,7,1,26.49
13,4,7,2,36.5075
13,4,7,3,45.48
13,4,8,0,54.0875
13,4,8,1,62.6
13,4,8,2,71.405
13,4,8,3,79.1825
13,4,9,0,85.1375
13,4,9,1,76.185
13,4,9,2,85.895
13,4,9,3,73.3925
13,4,10,0,105.8225
13,4,10,1,106.4375
13,4,10,2,57.375
13,4,10,3,92.9075
13,4,11,0,101.2375
13,4,11,1,82.0825
13,4,11,2,97.1875
13,4,11,3,77.2575
13,4,12,0,50.9675
13,4,12,1,111.3475
13,4,12,2,112.45
13,4,12,3,74.935
13,4,13,0,110.03
13,4,13,1,47.675
13,4,13,2,78.665
13,4,13,3,96.175
13,4,14,0,88.4475
13,4,14,1,55.6975
13,4,14,2,73.5375
13,4,14,3,97.525
13,4,15,0,109.685
13,4,15,1,117.6375
13,4,15,2,121.3625
13,4,15,3,115.065
13,4,16,0,120.1325
13,4,16,1,118.0975
13,4,16,2,114.0975
13,4,16,3,110.4825
13,4,17,0,106.3725
13,4,17,1,102.225
13,4,17,2,98.175
13,4,17,3,93.6875
13,4,18,0,89.1525
13,4,18,1,82.6925
13,4,18,2,74.52
13,4,18,3,65.365
13,4,19,0,56.6775
13,4,19,1,47.8275
13,4,19,2,39.15
13,4,19,3,30.6875
13,4,20,0,22.8825
13,4,20,1,15.9525
13,4,20,2,10.2
13,4,20,3,5.82
13,4,21,0,2.89
13,4,21,1,1.135
13,4,21,2,0.17
13,4,21,3,0.0
13,4,22,0,0.0
13,4,22,1,0.0
13,4,22,2,0.0
13,4,22,3,0.0
13,4,23,0,0.0
13,4,23,1,0.0
13,4,23,2,0.0
13,4,23,3,0.0
14,4,0,0,0.0
14,4,0,1,0.0
14,4,0,2,0.0
14,4,0,3,0.0
14,4,1,0,0.0
14,4,1,1,0.0
14,4,1,2,0.0
14,4,1,3,0.0
14,4,2,0,0.0
14,4,2,1,0.0
14,4,2,2,0.0
14,4,2,3,0.0
14,4,3,0,0.0
14,4,3,1,0.0
14,4,3,2,0.0
14,4,3,3,0.0
14,4,4,0,0.0
14,4,4,1,0.0
14,4,4,2,0.0
14,4,4,3,0.0
14,4,5,0,0.0
14,4,5,1,0.0
14,4,5,2,0.0625
14,4,5,3,0.7775
14,4,6,0,2.015
14,4,6,1,3.4725
14,4,6,2,5.18
14,4,6,3,10.13
14,4,7,0,17.5375
14,4,7,1,26.7525
14,4,7,2,36.6125
14,4,7,3,45.3475
14,4,8,0,53.81
14,4,8,1,62.1025
14,4,8,2,70.45
14,4,8,3,78.065
14,4,9,0,83.8425
14,4,9,1,87.3125
14,4,9,2,91.7175
14,4,9,3,99.1575
14,4,10,0,103.985
14,4,10,1,107.1775
14,4,10,2,110.67
14,4,10,3,113.78
14,4,11,0,119.905
14,4,11,1,66.53
14,4,11,2,123.3675
14,4,11,3,129.3875
14,4,12,0,127.385
14,4,12,1,129.48
14,4,12,2,130.165
14,4,12,3,129.9525
14,4,13,0,126.44
14,4,13,1,130.535
14,4,13,2,130.32
14,4,13,3,130.4125
14,4,14,0,129.49
14,4,14,1,129.0775
14,4,14,2,128.5125
14,4,14,3,127.4975
14,4,15,0,126.3775
14,4,15,1,124.72
14,4,15,2,122.4875
14,4,15,3,120.15
14,4,16,0,117.8225
14,4,16,1,115.59
14,4,16,2,111.17
14,4,16,3,105.86
14,4,17,0,96.6725
14,4,17,1,86.3075
14,4,17,2,88.6925
14,4,17,3,88.6775
14,4,18,0,85.8
14,4,18,1,76.0625
14,4,18,2,73.8375
14,4,18,3,64.4125
14,4,19,0,56.0025
14,4,19,1,47.59
14,4,19,2,38.4425
14,4,19,3,27.7175
14,4,20,0,15.2325
14,4,20,1,11.7075
14,4,20,2,10.565
14,4,20,3,6.28
14,4,21,0,3.025
14,4,21,1,1.23
14,4,21,2,0.19
14,4,21,3,0.0
14,4,22,0,0.0
14,4,22,1,0.0
14,4,22,2,0.0
14,4,22,3,0.0
14,4,23,0,0.0
14,4,23,1,0.0
14,4,23,2,0.0
14,4,23,3,0.0
15,4,0,0,0.0
15,4,0,1,0.0
15,4,0,2,0.0
15,4,0,3,0.0
15,4,1,0,0.0
15,4,1,1,0.0
15,4,1,2,0.0
15,4,1,3,0.0
15,4,2,0,0.0
15,4,2,1,0.0
15,4,2,2,0.0
15,4,2,3,0.0
15,4,3,0,0.0
15,4,3,1,0.0
15,4,3,2,0.0
15,4,3,3,0.0
15,4,4,0,0.0
15,4,4,1,0.0
15,4,4,2,0.0
15,4,4,3,0.0
15,4,5,0,0.0
15,4,5,1,0.0
15,4,5,2,0.0625
15,4,5,3,0.86
15,4,6,0,2.595
15,4,6,1,4.2375
15,4,6,2,6.4175
15,4,6,3,11.7275
15,4,7,0,19.8725
15,4,7,1,19.6325
15,4,7,2,17.6575
15,4,7,3,24.9625
15,4,8,0,40.0375
15,4,8,1,31.93
15,4,8,2,51.985
15,4,8,3,72.215
15,4,9,0,53.145
15,4,9,1,87.175
15,4,9,2,86.2625
15,4,9,3,104.48
15,4,10,0,112.5625
15,4,10,1,106.915
15,4,10,2,103.6825
15,4,10,3,87.335
15,4,11,0,94.2275
15,4,11,1,99.7425
15,4,11,2,69.4275
15,4,11,3,107.795
15,4,12,0,89.84
15,4,12,1,82.735
15,4,12,2,103.0825
15,4,12,3,115.29
15,4,13,0,121.075
15,4,13,1,103.9025
15,4,13,2,103.245
15,4,13,3,101.95
15,4,14,0,126.97
15,4,14,1,122.5525
15,4,14,2,94.185
15,4,14,3,115.7625
15,4,15,0,103.2825
15,4,15,1,112.5575
15,4,15,2,99.3325
15,4,15,3,92.4325
15,4,16,0,110.405
15,4,16,1,88.105
15,4,16,2,94.73
15,4,16,3,74.245
15,4,17,0,85.25
15,4,17,1,77.4925
15,4,17,2,59.3275
15,4,17,3,46.25
15,4,18,0,38.81
15,4,18,1,58.3225
15,4,18,2,62.81
15,4,18,3,51.69
15,4,19,0,54.4975
15,4,19,1,43.3075
15,4,19,2,34.7325
15,4,19,3,23.955
15,4,20,0,22.1475
15,4,20,1,15.3975
15,4,20,2,9.48
15,4,20,3,6.07
15,4,21,0,3.1975
15,4,21,1,1.3775
15,4,21,2,0.285
15,4,21,3,0.0
15,4,22,0,0.0
15,4,22,1,0.0
15,4,22,2,0.0
15,4,22,3,0.0
15,4,23,0,0.0
15,4,23,1,0.0
15,4,23,2,0.0
15,4,23,3,0.0
16,4,0,0,0.0
16,4,0,1,0.0
16,4,0,2,0.0
16,4,0,3,0.0
16,4,1,0,0.0
16,4,1,1,0.0
16,4,1,2,0.0
16,4,1,3,0.0
16,4,2,0,0.0
16,4,2,1,0.0
16,4,2,2,0.0
16,4,2,3,0.0
16,4,3,0,0.0
16,4,3,1,0.0
16,4,3,2,0.0
16,4,3,3,0.0
16,4,4,0,0.0
16,4,4,1,0.0
16,4,4,2,0.0
16,4,4,3,0.0
16,4,5,0,0.0
16,4,5,1,0.0
16,4,5,2,0.075
16,4,5,3,0.6425
16,4,6,0,1.3325
16,4,6,1,3.76
16,4,6,2,5.6375
16,4,6,3,8.115
16,4,7,0,22.075
16,4,7,1,30.7375
16,4,7,2,30.8
16,4,7,3,36.16
16,4,8,0,56.995
16,4,8,1,66.3675
16,4,8,2,68.9425
16,4,8,3,76.575
16,4,9,0,80.43
16,4,9,1,85.145
16,4,9,2,89.2975
16,4,9,3,94.875
16,4,10,0,100.5225
16,4,10,1,105.9475
16,4,10,2,109.6975
16,4,10,3,104.745
16,4,11,0,116.2025
16,4,11,1,115.2875
16,4,11,2,122.02
16,4,11,3,123.5125
16,4,12,0,124.095
16,4,12,1,126.1925
16,4,12,2,127.25
16,4,12,3,128.0275
16,4,13,0,128.9075
16,4,13,1,129.29
16,4,13,2,129.4825
16,4,13,3,129.4075
16,4,14,0,128.9775
16,4,14,1,128.285
16,4,14,2,127.2125
16,4,14,3,126.14
16,4,15,0,124.74
16,4,15,1,122.5925
16,4,15,2,120.835
16,4,15,3,118.3575
16,4,16,0,115.7975
16,4,16,1,113.0975
16,4,16,2,110.05
16,4,16,3,106.755
16,4,17,0,103.31
16,4,17,1,99.465
16,4,17,2,95.39
16,4,17,3,90.7075
16,4,18,0,84.3575
16,4,18,1,77.31
16,4,18,2,69.51
16,4,18,3,62.595
16,4,19,0,53.9525
16,4,19,1,45.5525
16,4,19,2,36.31
16,4,19,3,29.1025
16,4,20,0,21.4325
16,4,20,1,15.1675
16,4,20,2,10.8575
16,4,20,3,6.1525
16,4,21,0,3.14
16,4,21,1,1.2875
16,4,21,2,0.12
16,4,21,3,0.0
16,4,22,0,0.0
16,4,22,1,0.0
16,4,22,2,0.0
16,4,22,3,0.0
16,4,23,0,0.0
16,4,23,1,0.0
16,4,23,2,0.0
16,4,23,3,0.0
17,4,0,0,0.0
17,4,0,1,0.0
17,4,0,2,0.0
17,4,0,3,0.0
17,4,1,0,0.0
17,4,1,1,0.0
17,4,1,2,0.0
17,4,1,3,0.0
17,4,2,0,0.0
17,4,2,1,0.0
17,4,2,2,0.0
17,4,2,3,0.0
17,4,3,0,0.0
17,4,3,1,0.0
17,4,3,2,0.0
17,4,3,3,0.0
17,4,4,0,0.0
17,4,4,1,0.0
17,4,4,2,0.0
17,4,4,3,0.0
17,4,5,0,0.0
17,4,5,1,0.0
17,4,5,2,0.1325
17,4,5,3,1.4475
17,4,6,0,3.7525
17,4,6,1,6.185
17,4,6,2,8.4425
17,4,6,3,11.1925
17,4,7,0,18.2975
17,4,7,1,18.17
17,4,7,2,35.8125
17,4,7,3,48.345
17,4,8,0,44.4275
17,4,8,1,53.3175
17,4,8,2,70.67
17,4,8,3,63.6175
17,4,9,0,73.7175
17,4,9,1,80.59
17,4,9,2,90.4725
17,4,9,3,95.195
17,4,10,0,101.2775
17,4,10,1,105.21
17,4,10,2,108.7875
17,4,10,3,113.4125
17,4,11,0,115.375
17,4,11,1,117.9425
17,4,11,2,121.1225
17,4,11,3,122.8475
17,4,12,0,124.81
17,4,12,1,125.13
17,4,12,2,127.2525
17,4,12,3,128.5
17,4,13,0,129.92
17,4,13,1,130.345
17,4,13,2,127.765
17,4,13,3,127.785
17,4,14,0,126.745
17,4,14,1,131.04
17,4,14,2,128.7975
17,4,14,3,124.135
17,4,15,0,121.14
17,4,15,1,125.9575
17,4,15,2,126.12
17,4,15,3,124.3475
17,4,16,0,121.095
17,4,16,1,115.015
17,4,16,2,105.4475
17,4,16,3,108.19
17,4,17,0,97.06
17,4,17,1,95.4875
17,4,17,2,58.48
17,4,17,3,65.5375
17,4,18,0,66.315
17,4,18,1,66.5425
17,4,18,2,71.0075
17,4,18,3,43.9625
17,4,19,0,30.4375
17,4,19,1,22.67
17,4,19,2,26.31
17,4,19,3,16.0
17,4,20,0,13.6925
17,4,20,1,10.2375
17,4,20,2,9.215
17,4,20,3,7.0425
17,4,21,0,7.945
17,4,21,1,2.5525
17,4,21,2,0.1325
17,4,21,3,0.0
17,4,22,0,0.0
17,4,22,1,0.0
17,4,22,2,0.0
17,4,22,3,0.0
17,4,23,0,0.0
17,4,23,1,0.0
17,4,23,2,0.0
17,4,23,3,0.0
18,4,0,0,0.0
18,4,0,1,0.0
18,4,0,2,0.0
18,4,0,3,0.0
18,4,1,0,0.0
18,4,1,1,0.0
18,4,1,2,0.0
18,4,1,3,0.0
18,4,2,0,0.0
18,4,2,1,0.0
18,4,2,2,0.0
18,4,2,3,0.0
18,4,3,0,0.0
18,4,3,1,0.0
18,4,3,2,0.0
18,4,3,3,0.0
18,4,4,0,0.0
18,4,4,1,0.0
18,4,4,2,0.0
18,4,4,3,0.0
18,4,5,0,0.0
18,4,5,1,0.0
18,4,5,2,0.0
18,4,5,3,0.5725
18,4,6,0,2.245
18,4,6,1,4.6225
18,4,6,2,6.3275
18,4,6,3,12.5875
18,4,7,0,24.575
18,4,7,1,32.605
18,4,7,2,27.16
18,4,7,3,44.6275
18,4,8,0,50.6275
18,4,8,1,49.2725
18,4,8,2,67.635
18,4,8,3,69.86
18,4,9,0,74.4175
18,4,9,1,82.66
18,4,9,2,88.29
18,4,9,3,94.11
18,4,10,0,86.02
18,4,10,1,98.37
18,4,10,2,106.8825
18,4,10,3,110.135
18,4,11,0,113.195
18,4,11,1,113.94
18,4,11,2,116.955
18,4,11,3,119.5125
18,4,12,0,121.1925
18,4,12,1,122.405
18,4,12,2,122.3925
18,4,12,3,124.5375
18,4,13,0,125.075
18,4,13,1,124.3675
18,4,13,2,125.5925
18,4,13,3,124.8525
18,4,14,0,121.5325
18,4,14,1,117.785
18,4,14,2,125.0
18,4,14,3,122.6875
18,4,15,0,121.355
18,4,15,1,120.195
18,4,15,2,118.4675
18,4,15,3,116.91
18,4,16,0,113.9525
18,4,16,1,111.0275
18,4,16,2,107.7625
18,4,16,3,104.7825
18,4,17,0,100.9875
18,4,17,1,96.8775
18,4,17,2,93.5625
18,4,17,3,90.05
18,4,18,0,85.2825
18,4,18,1,77.505
18,4,18,2,69.7175
18,4,18,3,61.755
18,4,19,0,53.6425
18,4,19,1,46.1575
18,4,19,2,38.11
18,4,19,3,30.455
18,4,20,0,23.155
18,4,20,1,16.5125
18,4,20,2,11.1825
18,4,20,3,6.7825
18,4,21,0,3.42
18,4,21,1,1.6075
18,4,21,2,0.4125
18,4,21,3,0.0125
18,4,22,0,0.0
18,4,22,1,0.0
18,4,22,2,0.0
18,4,22,3,0.0
18,4,23,0,0.0
18,4,23,1,0.0
18,4,23,2,0.0
18,4,23,3,0.0
19,4,0,0,0.0
19,4,0,1,0.0
19,4,0,2,0.0
19,4,0,3,0.0
19,4,1,0,0.0
19,4,1,1,0.0
19,4,1,2,0.0
19,4,1,3,0.0
19,4,2,0,0.0
19,4,2,1,0.0
19,4,2,2,0.0
19,4,2,3,0.0
19,4,3,0,0.0
19,4,3,1,0.0
19,4,3,2,0.0
19,4,3,3,0.0
19,4,4,0,0.0
19,4,4,1,0.0
19,4,4,2,0.0
19,4,4,3,0.0
19,4,5,0,0.0
19,4,5,1,0.0
19,4,5,2,0.05
19,4,5,3,0.515
19,4,6,0,1.275
19,4,6,1,2.2975
19,4,6,2,3.8425
19,4,6,3,6.9025
19,4,7,0,10.0075
19,4,7,1,15.1425
19,4,7,2,20.8525
19,4,7,3,28.1775
19,4,8,0,42.22
19,4,8,1,59.715
19,4,8,2,56.2825
19,4,8,3,58.67
19,4,9,0,75.805
19,4,9,1,83.985
19,4,9,2,88.3275
19,4,9,3,95.2125
19,4,10,0,98.7725
19,4,10,1,102.2425
19,4,10,2,106.1125
19,4,10,3,108.8425
19,4,11,0,112.3575
19,4,11,1,109.22
19,4,11,2,108.8375
19,4,11,3,105.765
19,4,12,0,118.3825
19,4,12,1,97.865
19,4,12,2,109.3075
19,4,12,3,111.8325
19,4,13,0,129.3275
19,4,13,1,126.685
19,4,13,2,124.755
19,4,13,3,121.655
19,4,14,0,105.8025
19,4,14,1,124.1775
19,4,14,2,118.9475
19,4,14,3,103.7725
19,4,15,0,108.985
19,4,15,1,99.8925
19,4,15,2,115.375
19,4,15,3,113.595
19,4,16,0,112.1625
19,4,16,1,109.645
19,4,16,2,106.47
19,4,16,3,103.3625
19,4,17,0,98.9725
19,4,17,1,94.5125
19,4,17,2,92.6975
19,4,17,3,88.9
19,4,18,0,84.045
19,4,18,1,76.545
19,4,18,2,66.5725
19,4,18,3,60.51
19,4,19,0,52.5
19,4,19,1,44.1725
19,4,19,2,36.255
19,4,19,3,24.9875
19,4,20,0,18.015
19,4,20,1,14.925
19,4,20,2,9.86
19,4,20,3,6.055
19,4,21,0,3.2925
19,4,21,1,1.275
19,4,21,2,0.375
19,4,21,3,0.025
19,4,22,0,0.0
19,4,22,1,0.0
19,4,22,2,0.0
19,4,22,3,0.0
19,4,23,0,0.0
19,4,23,1,0.0
19,4,23,2,0.0
19,4,23,3,0.0
20,4,0,0,0.0
20,4,0,1,0.0
20,4,0,2,0.0
20,4,0,3,0.0
20,4,1,0,0.0
20,4,1,1,0.0
20,4,1,2,0.0
20,4,1,3,0.0
20,4,2,0,0.0
20,4,2,1,0.0
20,4,2,2,0.0
20,4,2,3,0.0
20,4,3,0,0.0
20,4,3,1,0.0
20,4,3,2,0.0
20,4,3,3,0.0
20,4,4,0,0.0
20,4,4,1,0.0
20,4,4,2,0.0
20,4,4,3,0.0
20,4,5,0,0.0
20,4,5,1,0.0375
20,4,5,2,0.5775
20,4,5,3,2.105
20,4,6,0,4.9025
20,4,6,1,8.0625
20,4,6,2,11.315
20,4,6,3,14.5125
20,4,7,0,19.2025
20,4,7,1,20.155
20,4,7,2,30.3175
20,4,7,3,39.6275
20,4,8,0,48.545
20,4,8,1,55.41
20,4,8,2,52.36
20,4,8,3,59.0475
20,4,9,0,81.1125
20,4,9,1,88.5825
20,4,9,2,87.2475
20,4,9,3,94.4925
20,4,10,0,98.725
20,4,10,1,104.4425
20,4,10,2,103.1
20,4,10,3,103.9375
20,4,11,0,112.585
20,4,11,1,114.035
20,4,11,2,117.53
20,4,11,3,119.815
20,4,12,0,121.1775
20,4,12,1,114.93
20,4,12,2,102.125
20,4,12,3,121.605
20,4,13,0,118.87
20,4,13,1,116.9425
20,4,13,2,120.7425
20,4,13,3,123.1125
20,4,14,0,121.3275
20,4,14,1,121.3175
20,4,14,2,120.015
20,4,14,3,119.5125
20,4,15,0,118.7925
20,4,15,1,116.585
20,4,15,2,114.93
20,4,15,3,112.4875
20,4,16,0,110.625
20,4,16,1,107.7925
20,4,16,2,104.565
20,4,16,3,102.175
20,4,17,0,99.2625
20,4,17,1,95.665
20,4,17,2,91.4725
20,4,17,3,86.615
20,4,18,0,80.575
20,4,18,1,74.6225
20,4,18,2,66.7425
20,4,18,3,50.2275
20,4,19,0,54.9275
20,4,19,1,44.0175
20,4,19,2,36.265
20,4,19,3,28.9
20,4,20,0,21.9875
20,4,20,1,13.9925
20,4,20,2,9.715
20,4,20,3,7.035
20,4,21,0,4.5325
20,4,21,1,1.62
20,4,21,2,0.3175
20,4,21,3,0.0
20,4,22,0,0.0
20,4,22,1,0.0
20,4,22,2,0.0
20,4,22,3,0.0
20,4,23,0,0.0
20,4,23,1,0.0
20,4,23,2,0.0
20,4,23,3,0.0
21,4,0,0,0.0
21,4,0,1,0.0
21,4,0,2,0.0
21,4,0,3,0.0
21,4,1,0,0.0
21,4,1,1,0.0
21,4,1,2,0.0
21,4,1,3,0.0
21,4,2,0,0.0
21,4,2,1,0.0
21,4,2,2,0.0
21,4,2,3,0.0
21,4,3,0,0.0
21,4,3,1,0.0
21,4,3,2,0.0
21,4,3,3,0.0
21,4,4,0,0.0
21,4,4,1,0.0
21,4,4,2,0.0
21,4,4,3,0.0
21,4,5,0,0.0
21,4,5,1,0.0
21,4,5,2,0.0125
21,4,5,3,0.31
21,4,6,0,1.275
21,4,6,1,2.8475
21,4,6,2,4.61
21,4,6,3,6.8525
21,4,7,0,7.9575
21,4,7,1,7.3
21,4,7,2,7.235
21,4,7,3,6.9425
21,4,8,0,8.27
21,4,8,1,10.04
21,4,8,2,12.66
21,4,8,3,20.1025
21,4,9,0,29.71
21,4,9,1,29.64
21,4,9,2,70.3275
21,4,9,3,55.9675
21,4,10,0,54.58
21,4,10,1,55.2425
21,4,10,2,58.425
21,4,10,3,74.0025
21,4,11,0,80.7625
21,4,11,1,80.3075
21,4,11,2,67.3525
21,4,11,3,85.235
21,4,12,0,100.165
21,4,12,1,88.27
21,4,12,2,110.8325
21,4,12,3,95.245
21,4,13,0,103.2575
21,4,13,1,96.9575
21,4,13,2,63.4775
21,4,13,3,60.3475
21,4,14,0,38.07
21,4,14,1,39.6475
21,4,14,2,41.485
21,4,14,3,31.2525
21,4,15,0,32.61
21,4,15,1,87.3525
21,4,15,2,82.755
21,4,15,3,96.35
21,4,16,0,97.2025
21,4,16,1,74.535
21,4,16,2,92.115
21,4,16,3,101.62
21,4,17,0,88.4875
21,4,17,1,71.175
21,4,17,2,84.5075
21,4,17,3,77.5125
21,4,18,0,80.63
21,4,18,1,52.55
21,4,18,2,45.75
21,4,18,3,35.2725
21,4,19,0,43.7175
21,4,19,1,57.59
21,4,19,2,35.23
21,4,19,3,30.75
21,4,20,0,30.8175
21,4,20,1,15.87
21,4,20,2,12.1725
21,4,20,3,6.11
21,4,21,0,4.0225
21,4,21,1,2.0425
21,4,21,2,0.95
21,4,21,3,0.1975
21,4,22,0,0.0
21,4,22,1,0.0
21,4,22,2,0.0
21,4,22,3,0.0
21,4,23,0,0.0
21,4,23,1,0.0
21,4,23,2,0.0
21,4,23,3,0.0
22,4,0,0,0.0
22,4,0,1,0.0
22,4,0,2,0.0
22,4,0,3,0.0
22,4,1,0,0.0
22,4,1,1,0.0
22,4,1,2,0.0
22,4,1,3,0.0
22,4,2,0,0.0
22,4,2,1,0.0
22,4,2,2,0.0
22,4,2,3,0.0
22,4,3,0,0.0
22,4,3,1,0.0
22,4,3,2,0.0
22,4,3,3,0.0
22,4,4,0,0.0
22,4,4,1,0.0
22,4,4,2,0.0
22,4,4,3,0.0
22,4,5,0,0.0
22,4,5,1,0.0
22,4,5,2,0.0
22,4,5,3,0.2975
22,4,6,0,2.125
22,4,6,1,4.6425
22,4,6,2,8.29
22,4,6,3,7.8675
22,4,7,0,14.935
22,4,7,1,18.99
22,4,7,2,26.0775
22,4,7,3,27.005
22,4,8,0,29.015
22,4,8,1,38.1475
22,4,8,2,31.125
22,4,8,3,44.48
22,4,9,0,78.775
22,4,9,1,46.67
22,4,9,2,58.3175
22,4,9,3,75.575
22,4,10,0,83.04
22,4,10,1,102.9675
22,4,10,2,99.4525
22,4,10,3,113.3925
22,4,11,0,96.6725
22,4,11,1,120.885
22,4,11,2,108.07
22,4,11,3,122.4325
22,4,12,0,129.67
22,4,12,1,131.2825
22,4,12,2,126.855
22,4,12,3,122.0975
22,4,13,0,130.165
22,4,13,1,132.8525
22,4,13,2,131.9475
22,4,13,3,134.1775
22,4,14,0,133.2125
22,4,14,1,133.765
22,4,14,2,128.92
22,4,14,3,128.84
22,4,15,0,129.33
22,4,15,1,127.3425
22,4,15,2,125.7525
22,4,15,3,122.6475
22,4,16,0,119.2975
22,4,16,1,112.44
22,4,16,2,81.085
22,4,16,3,94.665
22,4,17,0,100.0875
22,4,17,1,103.845
22,4,17,2,99.285
22,4,17,3,84.4525
22,4,18,0,83.62
22,4,18,1,83.145
22,4,18,2,76.3825
22,4,18,3,68.39
22,4,19,0,59.845
22,4,19,1,50.6025
22,4,19,2,41.5975
22,4,19,3,33.5025
22,4,20,0,25.68
22,4,20,1,10.86
22,4,20,2,13.6375
22,4,20,3,10.7625
22,4,21,0,3.925
22,4,21,1,2.38
22,4,21,2,0.605
22,4,21,3,0.025
22,4,22,0,0.0
22,4,22,1,0.0
22,4,22,2,0.0
22,4,22,3,0.0
22,4,23,0,0.0
22,4,23,1,0.0
22,4,23,2,0.0
22,4,23,3,0.0
23,4,0,0,0.0
23,4,0,1,0.0
23,4,0,2,0.0
23,4,0,3,0.0
23,4,1,0,0.0
23,4,1,1,0.0
23,4,1,2,0.0
23,4,1,3,0.0
23,4,2,0,0.0
23,4,2,1,0.0
23,4,2,2,0.0
23,4,2,3,0.0
23,4,3,0,0.0
23,4,3,1,0.0
23,4,3,2,0.0
23,4,3,3,0.0
23,4,4,0,0.0
23,4,4,1,0.0
23,4,4,2,0.0
23,4,4,3,0.0
23,4,5,0,0.0
23,4,5,1,0.0125
23,4,5,2,0.425
23,4,5,3,1.7475
23,4,6,0,3.74
23,4,6,1,5.975
23,4,6,2,9.2425
23,4,6,3,16.5825
23,4,7,0,23.345
23,4,7,1,35.1825
23,4,7,2,38.945
23,4,7,3,52.0975
23,4,8,0,40.1875
23,4,8,1,50.005
23,4,8,2,34.7375
23,4,8,3,21.5
23,4,9,0,19.49
23,4,9,1,20.315
23,4,9,2,24.21
23,4,9,3,25.245
23,4,10,0,20.6225
23,4,10,1,15.66
23,4,10,2,14.7925
23,4,10,3,21.425
23,4,11,0,28.41
23,4,11,1,26.01
23,4,11,2,24.44
23,4,11,3,19.8375
23,4,12,0,21.555
23,4,12,1,20.62
23,4,12,2,24.73
23,4,12,3,30.4075
23,4,13,0,45.9675
23,4,13,1,30.61
23,4,13,2,34.605
23,4,13,3,32.0225
23,4,14,0,32.65
23,4,14,1,18.8
23,4,14,2,14.6025
23,4,14,3,17.5075
23,4,15,0,16.155
23,4,15,1,27.7825
23,4,15,2,28.4025
23,4,15,3,23.965
23,4,16,0,29.87
23,4,16,1,29.71
23,4,16,2,20.8625
23,4,16,3,40.0175
23,4,17,0,24.3775
23,4,17,1,25.6475
23,4,17,2,23.6625
23,4,17,3,32.7225
23,4,18,0,42.78
23,4,18,1,42.8775
23,4,18,2,29.1725
23,4,18,3,32.045
23,4,19,0,29.6475
23,4,19,1,14.46
23,4,19,2,7.6825
23,4,19,3,9.075
23,4,20,0,5.2475
23,4,20,1,5.435
23,4,20,2,4.4575
23,4,20,3,3.6575
23,4,21,0,1.985
23,4,21,1,0.3175
23,4,21,2,0.0375
23,4,21,3,0.0125
23,4,22,0,0.0
23,4,22,1,0.0
23,4,22,2,0.0
23,4,22,3,0.0
23,4,23,0,0.0
23,4,23,1,0.0
23,4,23,2,0.0
23,4,23,3,0.0
24,4,0,0,0.0
24,4,0,1,0.0
24,4,0,2,0.0
24,4,0,3,0.0
24,4,1,0,0.0
24,4,1,1,0.0
24,4,1,2,0.0
24,4,1,3,0.0
24,4,2,0,0.0
24,4,2,1,0.0
24,4,2,2,0.0
24,4,2,3,0.0
24,4,3,0,0.0
24,4,3,1,0.0
24,4,3,2,0.0
24,4,3,3,0.0
24,4,4,0,0.0
24,4,4,1,0.0
24,4,4,2,0.0
24,4,4,3,0.0
24,4,5,0,0.0
24,4,5,1,0.0
24,4,5,2,0.1375
24,4,5,3,1.3075
24,4,6,0,4.635
24,4,6,1,7.615
24,4,6,2,8.9025
24,4,6,3,15.0025
24,4,7,0,22.27
24,4,7,1,30.545
24,4,7,2,38.875
24,4,7,3,46.855
24,4,8,0,54.3825
24,4,8,1,62.6175
24,4,8,2,71.195
24,4,8,3,78.41
24,4,9,0,86.2575
24,4,9,1,90.5675
24,4,9,2,95.7975
24,4,9,3,99.705
24,4,10,0,103.1725
24,4,10,1,106.72
24,4,10,2,110.0
24,4,10,3,113.2225
24,4,11,0,116.0475
24,4,11,1,118.475
24,4,11,2,120.67
24,4,11,3,122.665
24,4,12,0,123.8275
24,4,12,1,124.9575
24,4,12,2,126.335
24,4,12,3,127.5875
24,4,13,0,128.51
24,4,13,1,128.5125
24,4,13,2,128.4
24,4,13,3,128.53
24,4,14,0,128.195
24,4,14,1,127.7275
24,4,14,2,127.35
24,4,14,3,126.075
24,4,15,0,124.39
24,4,15,1,122.775
24,4,15,2,120.8025
24,4,15,3,118.585
24,4,16,0,116.54
24,4,16,1,114.02
24,4,16,2,111.3725
24,4,16,3,108.515
24,4,17,0,104.565
24,4,17,1,100.915
24,4,17,2,96.9775
24,4,17,3,92.925
24,4,18,0,88.5025
24,4,18,1,82.5625
24,4,18,2,74.635
24,4,18,3,66.7125
24,4,19,0,58.76
24,4,19,1,50.445
24,4,19,2,42.4025
24,4,19,3,34.38
24,4,20,0,26.5125
24,4,20,1,19.44
24,4,20,2,14.3625
24,4,20,3,9.5225
24,4,21,0,5.125
24,4,21,1,2.2775
24,4,21,2,0.63
24,4,21,3,0.0375
24,4,22,0,0.0
24,4,22,1,0.0
24,4,22,2,0.0
24,4,22,3,0.0
24,4,23,0,0.0
24,4,23,1,0.0
24,4,23,2,0.0
24,4,23,3,0.0
25,4,0,0,0.0
25,4,0,1,0.0
25,4,0,2,0.0
25,4,0,3,0.0
25,4,1,0,0.0
25,4,1,1,0.0
25,4,1,2,0.0
25,4,1,3,0.0
25,4,2,0,0.0
25,4,2,1,0.0
25,4,2,2,0.0
25,4,2,3,0.0
25,4,3,0,0.0
25,4,3,1,0.0
25,4,3,2,0.0
25,4,3,3,0.0
25,4,4,0,0.0
25,4,4,1,0.0
25,4,4,2,0.0
25,4,4,3,0.0
25,4,5,0,0.0
25,4,5,1,0.0
25,4,5,2,0.4
25,4,5,3,1.9325
25,4,6,0,4.2325
25,4,6,1,5.6825
25,4,6,2,7.12
25,4,6,3,13.3325
25,4,7,0,19.255
25,4,7,1,22.19
25,4,7,2,38.7725
25,4,7,3,48.3825
25,4,8,0,57.9675
25,4,8,1,67.6275
25,4,8,2,69.9575
25,4,8,3,82.7975
25,4,9,0,73.2625
25,4,9,1,90.33
25,4,9,2,92.4625
25,4,9,3,99.8625
25,4,10,0,102.555
25,4,10,1,105.565
25,4,10,2,107.5225
25,4,10,3,111.68
25,4,11,0,113.74
25,4,11,1,115.905
25,4,11,2,117.5325
25,4,11,3,118.1075
25,4,12,0,122.1775
25,4,12,1,122.0275
25,4,12,2,120.8925
25,4,12,3,116.36
25,4,13,0,123.0175
25,4,13,1,122.55
25,4,13,2,126.8375
25,4,13,3,124.985
25,4,14,0,124.875
25,4,14,1,127.915
25,4,14,2,124.1975
25,4,14,3,125.9175
25,4,15,0,121.95
25,4,15,1,120.8775
25,4,15,2,118.97
25,4,15,3,116.2225
25,4,16,0,114.3325
25,4,16,1,112.2625
25,4,16,2,110.6025
25,4,16,3,105.16
25,4,17,0,104.31
25,4,17,1,101.2175
25,4,17,2,97.875
25,4,17,3,92.6475
25,4,18,0,86.8825
25,4,18,1,79.7
25,4,18,2,72.1
25,4,18,3,31.0725
25,4,19,0,35.305
25,4,19,1,42.15
25,4,19,2,51.5475
25,4,19,3,29.055
25,4,20,0,17.0125
25,4,20,1,15.1
25,4,20,2,24.335
25,4,20,3,14.2075
25,4,21,0,6.5475
25,4,21,1,2.8325
25,4,21,2,0.835
25,4,21,3,0.12
25,4,22,0,0.0
25,4,22,1,0.0
25,4,22,2,0.0
25,4,22,3,0.0
25,4,23,0,0.0
25,4,23,1,0.0
25,4,23,2,0.0
25,4,23,3,0.0
26,4,0,0,0.0
26,4,0,1,0.0
26,4,0,2,0.0
26,4,0,3,0.0
26,4,1,0,0.0
26,4,1,1,0.0
26,4,1,2,0.0
26,4,1,3,0.0
26,4,2,0,0.0
26,4,2,1,0.0
26,4,2,2,0.0
26,4,2,3,0.0
26,4,3,0,0.0
26,4,3,1,0.0
26,4,3,2,0.0
26,4,3,3,0.0
26,4,4,0,0.0
26,4,4,1,0.0
26,4,4,2,0.0
26,4,4,3,0.0
26,4,5,0,0.0
26,4,5,1,0.025
26,4,5,2,0.5275
26,4,5,3,1.7275
26,4,6,0,3.0625
26,4,6,1,4.815
26,4,6,2,8.855
26,4,6,3,15.7625
26,4,7,0,23.865
26,4,7,1,32.36
26,4,7,2,40.595
26,4,7,3,48.2175
26,4,8,0,55.335
26,4,8,1,64.54
26,4,8,2,72.7075
26,4,8,3,80.43
26,4,9,0,87.1675
26,4,9,1,91.67
26,4,9,2,95.02
26,4,9,3,99.1825
26,4,10,0,103.7075
26,4,10,1,107.435
26,4,10,2,110.9025
26,4,10,3,113.6175
26,4,11,0,116.43
26,4,11,1,119.285
26,4,11,2,121.69
26,4,11,3,123.515
26,4,12,0,125.175
26,4,12,1,126.54
26,4,12,2,128.3925
26,4,12,3,129.03
26,4,13,0,129.5825
26,4,13,1,129.6275
26,4,13,2,130.1625
26,4,13,3,130.1175
26,4,14,0,130.19
26,4,14,1,129.8525
26,4,14,2,128.935
26,4,14,3,127.875
26,4,15,0,125.8425
26,4,15,1,124.37
26,4,15,2,122.2025
26,4,15,3,119.8475
26,4,16,0,117.5675
26,4,16,1,114.93
26,4,16,2,112.4025
26,4,16,3,109.1625
26,4,17,0,105.735
26,4,17,1,102.0275
26,4,17,2,98.36
26,4,17,3,94.49
26,4,18,0,90.2875
26,4,18,1,85.0025
26,4,18,2,78.47
26,4,18,3,70.7975
26,4,19,0,62.2525
26,4,19,1,52.205
26,4,19,2,39.74
26,4,19,3,35.99
26,4,20,0,25.21
26,4,20,1,24.6825
26,4,20,2,17.04
26,4,20,3,12.0375
26,4,21,0,5.9925
26,4,21,1,3.235
26,4,21,2,1.5175
26,4,21,3,0.4075
26,4,22,0,0.0125
26,4,22,1,0.0
26,4,22,2,0.0
26,4,22,3,0.0
26,4,23,0,0.0
26,4,23,1,0.0
26,4,23,2,0.0
26,4,23,3,0.0
27,4,0,0,0.0
27,4,0,1,0.0
27,4,0,2,0.0
27,4,0,3,0.0
27,4,1,0,0.0
27,4,1,1,0.0
27,4,1,2,0.0
27,4,1,3,0.0
27,4,2,0,0.0
27,4,2,1,0.0
27,4,2,2,0.0
27,4,2,3,0.0
27,4,3,0,0.0
27,4,3,1,0.0
27,4,3,2,0.0
27,4,3,3,0.0
27,4,4,0,0.0
27,4,4,1,0.0
27,4,4,2,0.0
27,4,4,3,0.0
27,4,5,0,0.0
27,4,5,1,0.075
27,4,5,2,0.745
27,4,5,3,1.9125
27,4,6,0,3.2675
27,4,6,1,5.155
27,4,6,2,9.0825
27,4,6,3,16.135
27,4,7,0,24.38
27,4,7,1,33.175
27,4,7,2,41.895
27,4,7,3,50.1125
27,4,8,0,58.325
27,4,8,1,66.63
27,4,8,2,74.7175
27,4,8,3,82.2875
27,4,9,0,88.235
27,4,9,1,92.195
27,4,9,2,96.9925
27,4,9,3,101.78
27,4,10,0,106.0575
27,4,10,1,109.875
27,4,10,2,113.2625
27,4,10,3,116.2025
27,4,11,0,118.505
27,4,11,1,120.595
27,4,11,2,122.8625
27,4,11,3,124.3175
27,4,12,0,125.965
27,4,12,1,127.7125
27,4,12,2,128.3975
27,4,12,3,125.28
27,4,13,0,128.955
27,4,13,1,129.6875
27,4,13,2,130.3175
27,4,13,3,130.465
27,4,14,0,129.755
27,4,14,1,129.005
27,4,14,2,128.1775
27,4,14,3,127.16
27,4,15,0,125.59
27,4,15,1,123.51
27,4,15,2,122.6625
27,4,15,3,120.48
27,4,16,0,118.24
27,4,16,1,115.44
27,4,16,2,112.6025
27,4,16,3,109.2975
27,4,17,0,105.835
27,4,17,1,101.9425
27,4,17,2,98.03
27,4,17,3,93.9
27,4,18,0,89.765
27,4,18,1,84.63
27,4,18,2,77.255
27,4,18,3,69.8525
27,4,19,0,60.77
27,4,19,1,52.23
27,4,19,2,45.3475
27,4,19,3,47.095
27,4,20,0,37.075
27,4,20,1,25.835
27,4,20,2,22.7875
27,4,20,3,15.0725
27,4,21,0,5.005
27,4,21,1,2.565
27,4,21,2,1.595
27,4,21,3,0.2725
27,4,22,0,0.0
27,4,22,1,0.0
27,4,22,2,0.0
27,4,22,3,0.0
27,4,23,0,0.0
27,4,23,1,0.0
27,4,23,2,0.0
27,4,23,3,0.0
28,4,0,0,0.0
28,4,0,1,0.0
28,4,0,2,0.0
28,4,0,3,0.0
28,4,1,0,0.0
28,4,1,1,0.0
28,4,1,2,0.0
28,4,1,3,0.0
28,4,2,0,0.0
28,4,2,1,0.0
28,4,2,2,0.0
28,4,2,3,0.0
28,4,3,0,0.0
28,4,3,1,0.0
28,4,3,2,0.0
28,4,3,3,0.0
28,4,4,0,0.0
28,4,4,1,0.0
28,4,4,2,0.0
28,4,4,3,0.0
28,4,5,0,0.0
28,4,5,1,0.1
28,4,5,2,0.9175
28,4,5,3,2.1875
28,4,6,0,3.63
28,4,6,1,5.605
28,4,6,2,9.7675
28,4,6,3,16.86
28,4,7,0,25.195
28,4,7,1,33.925
28,4,7,2,42.5625
28,4,7,3,50.9275
28,4,8,0,58.76
28,4,8,1,66.595
28,4,8,2,75.4325
28,4,8,3,81.43
28,4,9,0,87.06
28,4,9,1,92.9025
28,4,9,2,98.225
28,4,9,3,102.56
28,4,10,0,105.9775
28,4,10,1,109.8375
28,4,10,2,112.4125
28,4,10,3,115.415
28,4,11,0,118.285
28,4,11,1,120.4225
28,4,11,2,122.485
28,4,11,3,123.43
28,4,12,0,125.2525
28,4,12,1,127.2925
28,4,12,2,128.015
28,4,12,3,128.3025
28,4,13,0,128.7275
28,4,13,1,128.8125
28,4,13,2,128.6225
28,4,13,3,128.6025
28,4,14,0,128.505
28,4,14,1,127.4175
28,4,14,2,123.61
28,4,14,3,122.8525
28,4,15,0,122.235
28,4,15,1,124.0975
28,4,15,2,121.755
28,4,15,3,119.6975
28,4,16,0,116.23
28,4,16,1,114.96
28,4,16,2,110.5625
28,4,16,3,108.4425
28,4,17,0,105.09
28,4,17,1,101.755
28,4,17,2,97.9925
28,4,17,3,92.7075
28,4,18,0,89.6
28,4,18,1,83.9025
28,4,18,2,76.735
28,4,18,3,65.7475
28,4,19,0,58.66
28,4,19,1,52.0325
28,4,19,2,43.04
28,4,19,3,35.8925
28,4,20,0,27.98
28,4,20,1,21.0425
28,4,20,2,15.13
28,4,20,3,10.13
28,4,21,0,6.2675
28,4,21,1,3.5225
28,4,21,2,1.575
28,4,21,3,0.33
28,4,22,0,0.0
28,4,22,1,0.0
28,4,22,2,0.0
28,4,22,3,0.0
28,4,23,0,0.0
28,4,23,1,0.0
28,4,23,2,0.0
28,4,23,3,0.0
29,4,0,0,0.0
29,4,0,1,0.0
29,4,0,2,0.0
29,4,0,3,0.0
29,4,1,0,0.0
29,4,1,1,0.0
29,4,1,2,0.0
29,4,1,3,0.0
29,4,2,0,0.0
29,4,2,1,0.0
29,4,2,2,0.0
29,4,2,3,0.0
29,4,3,0,0.0
29,4,3,1,0.0
29,4,3,2,0.0
29,4,3,3,0.0
29,4,4,0,0.0
29,4,4,1,0.0
29,4,4,2,0.0
29,4,4,3,0.0
29,4,5,0,0.0
29,4,5,1,0.1
29,4,5,2,0.88
29,4,5,3,2.0725
29,4,6,0,3.51
29,4,6,1,5.46
29,4,6,2,9.605
29,4,6,3,16.4475
29,4,7,0,24.5225
29,4,7,1,33.15
29,4,7,2,41.6375
29,4,7,3,49.7075
29,4,8,0,57.755
29,4,8,1,65.355
29,4,8,2,73.1475
29,4,8,3,80.06
29,4,9,0,85.7925
29,4,9,1,90.1
29,4,9,2,94.745
29,4,9,3,99.3425
29,4,10,0,104.0
29,4,10,1,107.8625
29,4,10,2,110.875
29,4,10,3,113.8225
29,4,11,0,116.52
29,4,11,1,118.1775
29,4,11,2,120.6375
29,4,11,3,122.5825
29,4,12,0,124.1925
29,4,12,1,124.685
29,4,12,2,125.99
29,4,12,3,126.965
29,4,13,0,127.915
29,4,13,1,128.2625
29,4,13,2,128.3575
29,4,13,3,128.0125
29,4,14,0,127.71
29,4,14,1,126.525
29,4,14,2,126.035
29,4,14,3,124.0725
29,4,15,0,122.4025
29,4,15,1,121.6675
29,4,15,2,119.485
29,4,15,3,117.215
29,4,16,0,114.8875
29,4,16,1,81.0525
29,4,16,2,96.365
29,4,16,3,113.1675
29,4,17,0,92.6625
29,4,17,1,102.635
29,4,17,2,78.0925
29,4,17,3,92.185
29,4,18,0,87.305
29,4,18,1,84.2275
29,4,18,2,71.2275
29,4,18,3,66.845
29,4,19,0,58.6875
29,4,19,1,50.895
29,4,19,2,42.9575
29,4,19,3,35.1125
29,4,20,0,27.8
29,4,20,1,21.1375
29,4,20,2,15.1675
29,4,20,3,10.1425
29,4,21,0,6.2925
29,4,21,1,3.535
29,4,21,2,1.6775
29,4,21,3,0.445
29,4,22,0,0.025
29,4,22,1,0.0
29,4,22,2,0.0
29,4,22,3,0.0
29,4,23,0,0.0
29,4,23,1,0.0
29,4,23,2,0.0
29,4,23,3,0.0
30,4,0,0,0.0
30,4,0,1,0.0
30,4,0,2,0.0
30,4,0,3,0.0
30,4,1,0,0.0
30,4,1,1,0.0
30,4,1,2,0.0
30,4,1,3,0.0
30,4,2,0,0.0
30,4,2,1,0.0
30,4,2,2,0.0
30,4,2,3,0.0
30,4,3,0,0.0
30,4,3,1,0.0
30,4,3,2,0.0
30,4,3,3,0.0
30,4,4,0,0.0
30,4,4,1,0.0
30,4,4,2,0.0
30,4,4,3,0.0
30,4,5,0,0.0
30,4,5,1,0.05
30,4,5,2,0.6625
30,4,5,3,2.2775
30,4,6,0,3.925
30,4,6,1,5.93
30,4,6,2,10.07
30,4,6,3,16.7425
30,4,7,0,24.5225
30,4,7,1,32.6975
30,4,7,2,40.9225
30,4,7,3,48.9925
30,4,8,0,56.83
30,4,8,1,64.815
30,4,8,2,72.605
30,4,8,3,79.9975
30,4,9,0,86.165
30,4,9,1,90.7675
30,4,9,2,95.48
30,4,9,3,100.275
30,4,10,0,104.6675
30,4,10,1,108.335
30,4,10,2,110.9225
30,4,10,3,112.0925
30,4,11,0,116.3425
30,4,11,1,118.8975
30,4,11,2,122.195
30,4,11,3,123.725
30,4,12,0,125.505
30,4,12,1,124.1
30,4,12,2,128.1675
30,4,12,3,127.505
30,4,13,0,130.1225
30,4,13,1,129.5025
30,4,13,2,130.3925
30,4,13,3,127.685
30,4,14,0,128.0775
30,4,14,1,129.4375
30,4,14,2,127.0975
30,4,14,3,123.3125
30,4,15,0,122.845
30,4,15,1,121.09
30,4,15,2,119.0125
30,4,15,3,115.1975
30,4,16,0,108.7975
30,4,16,1,109.9975
30,4,16,2,101.91
30,4,16,3,104.4775
30,4,17,0,105.9725
30,4,17,1,89.5675
30,4,17,2,93.69
30,4,17,3,90.56
30,4,18,0,89.2675
30,4,18,1,79.1825
30,4,18,2,73.48
30,4,18,3,64.5975
30,4,19,0,58.0775
30,4,19,1,51.615
30,4,19,2,42.54
30,4,19,3,30.5125
30,4,20,0,23.4275
30,4,20,1,18.255
30,4,20,2,13.4275
30,4,20,3,9.6025
30,4,21,0,6.6525
30,4,21,1,3.625
30,4,21,2,1.7225
30,4,21,3,0.515
30,4,22,0,0.1075
30,4,22,1,0.0
30,4,22,2,0.0
30,4,22,3,0.0
30,4,23,0,0.0
30,4,23,1,0.0
30,4,23,2,0.0
30,4,23,3,0.0
