DateTime,Total
01/04/2020 00:00,0
01/04/2020 00:15,0
01/04/2020 00:30,0
01/04/2020 00:45,0
01/04/2020 01:00,0
01/04/2020 01:15,0
01/04/2020 01:30,0
01/04/2020 01:45,0
01/04/2020 02:00,0
01/04/2020 02:15,0
01/04/2020 02:30,0
01/04/2020 02:45,0
01/04/2020 03:00,0
01/04/2020 03:15,0
01/04/2020 03:30,0
01/04/2020 03:45,0
01/04/2020 04:00,0
01/04/2020 04:15,0
01/04/2020 04:30,0
01/04/2020 04:45,0
01/04/2020 05:00,0
01/04/2020 05:15,0
01/04/2020 05:30,0
01/04/2020 05:45,0
01/04/2020 06:00,0
01/04/2020 06:15,0
01/04/2020 06:30,0
01/04/2020 06:45,0
01/04/2020 07:00,0.0125
01/04/2020 07:15,0.225
01/04/2020 07:30,1.035
01/04/2020 07:45,2.285
01/04/2020 08:00,5.0575
01/04/2020 08:15,9.44
01/04/2020 08:30,14.165
01/04/2020 08:45,18.3775
01/04/2020 09:00,22.7225
01/04/2020 09:15,27.6475
01/04/2020 09:30,32.165
01/04/2020 09:45,33.82
01/04/2020 10:00,41.17
01/04/2020 10:15,49.13
01/04/2020 10:30,35.44
01/04/2020 10:45,33.0625
01/04/2020 11:00,45.725
01/04/2020 11:15,36.575
01/04/2020 11:30,31.9875
01/04/2020 11:45,40.085
01/04/2020 12:00,48.335
01/04/2020 12:15,46.47
01/04/2020 12:30,37.9175
01/04/2020 12:45,63.6375
01/04/2020 13:00,63.59
01/04/2020 13:15,30.5775
01/04/2020 13:30,38.415
01/04/2020 13:45,62.45
01/04/2020 14:00,58.7975
01/04/2020 14:15,57.275
01/04/2020 14:30,65.885
01/04/2020 14:45,72.2875
01/04/2020 15:00,75.585
01/04/2020 15:15,57.66
01/04/2020 15:30,47.2
01/04/2020 15:45,66.04
01/04/2020 16:00,64.1325
01/04/2020 16:15,60.5
01/04/2020 16:30,63.54
01/04/2020 16:45,44.7125
01/04/2020 17:00,22.3925
01/04/2020 17:15,14.06
01/04/2020 17:30,14.6575
01/04/2020 17:45,14.2925
01/04/2020 18:00,12.7175
01/04/2020 18:15,10.7975
01/04/2020 18:30,10.97
01/04/2020 18:45,10.0375
01/04/2020 19:00,8.5925
01/04/2020 19:15,6.17
01/04/2020 19:30,3.79
01/04/2020 19:45,1.83
01/04/2020 20:00,0.6475
01/04/2020 20:15,0.14
01/04/2020 20:30,0
01/04/2020 20:45,0
01/04/2020 21:00,0
01/04/2020 21:15,0
01/04/2020 21:30,0
01/04/2020 21:45,0
01/04/2020 22:00,0
01/04/2020 22:15,0
01/04/2020 22:30,0
01/04/2020 22:45,0
01/04/2020 23:00,0
01/04/2020 23:15,0
01/04/2020 23:30,0
01/04/2020 23:45,0
02/04/2020 00:00,0
02/04/2020 00:15,0
02/04/2020 00:30,0
02/04/2020 00:45,0
02/04/2020 01:00,0
02/04/2020 01:15,0
02/04/2020 01:30,0
02/04/2020 01:45,0
02/04/2020 02:00,0
02/04/2020 02:15,0
02/04/2020 02:30,0
02/04/2020 02:45,0
02/04/2020 03:00,0
02/04/2020 03:15,0
02/04/2020 03:30,0
02/04/2020 03:45,0
02/04/2020 04:00,0
02/04/2020 04:15,0
02/04/2020 04:30,0
02/04/2020 04:45,0
02/04/2020 05:00,0
02/04/2020 05:15,0
02/04/2020 05:30,0
02/04/2020 05:45,0
02/04/2020 06:00,0
02/04/2020 06:15,0
02/04/2020 06:30,0
02/04/2020 06:45,0
02/04/2020 07:00,0
02/04/2020 07:15,0.3375
02/04/2020 07:30,1.325
02/04/2020 07:45,2.8
02/04/2020 08:00,4.3
02/04/2020 08:15,10.3725
02/04/2020 08:30,16.0525
02/04/2020 08:45,17.5925
02/04/2020 09:00,7.685
02/04/2020 09:15,15.4375
02/04/2020 09:30,30.335
02/04/2020 09:45,36.915
02/04/2020 10:00,35.1025
02/04/2020 10:15,39.565
02/04/2020 10:30,54.72
02/04/2020 10:45,55.41
02/04/2020 11:00,56.5625
02/04/2020 11:15,59.1625
02/04/2020 11:30,61.0175
02/04/2020 11:45,60.06
02/04/2020 12:00,74.34
02/04/2020 12:15,68.85
02/04/2020 12:30,75.9375
02/04/2020 12:45,74.8925
02/04/2020 13:00,57.6925
02/04/2020 13:15,46.7325
02/04/2020 13:30,41.27
02/04/2020 13:45,44.1275
02/04/2020 14:00,45.5975
02/04/2020 14:15,44.52
02/04/2020 14:30,38.96
02/04/2020 14:45,31.4075
02/04/2020 15:00,33.4575
02/04/2020 15:15,28.865
02/04/2020 15:30,50.9025
02/04/2020 15:45,56.435
02/04/2020 16:00,46.905
02/04/2020 16:15,48.545
02/04/2020 16:30,60.2875
02/04/2020 16:45,67.89
02/04/2020 17:00,58.62
02/04/2020 17:15,41.5125
02/04/2020 17:30,33.4975
02/04/2020 17:45,24.175
02/04/2020 18:00,16.595
02/04/2020 18:15,11.03
02/04/2020 18:30,8.105
02/04/2020 18:45,5.805
02/04/2020 19:00,3.415
02/04/2020 19:15,2.2025
02/04/2020 19:30,1.04
02/04/2020 19:45,0.4325
02/04/2020 20:00,0.0875
02/04/2020 20:15,0
02/04/2020 20:30,0
02/04/2020 20:45,0
02/04/2020 21:00,0
02/04/2020 21:15,0
02/04/2020 21:30,0
02/04/2020 21:45,0
02/04/2020 22:00,0
02/04/2020 22:15,0
02/04/2020 22:30,0
02/04/2020 22:45,0
02/04/2020 23:00,0
02/04/2020 23:15,0
02/04/2020 23:30,0
02/04/2020 23:45,0
03/04/2020 00:00,0
03/04/2020 00:15,0
03/04/2020 00:30,0
03/04/2020 00:45,0
03/04/2020 01:00,0
03/04/2020 01:15,0
03/04/2020 01:30,0
03/04/2020 01:45,0
03/04/2020 02:00,0
03/04/2020 02:15,0
03/04/2020 02:30,0
03/04/2020 02:45,0
03/04/2020 03:00,0
03/04/2020 03:15,0
03/04/2020 03:30,0
03/04/2020 03:45,0
03/04/2020 04:00,0
03/04/2020 04:15,0
03/04/2020 04:30,0
03/04/2020 04:45,0
03/04/2020 05:00,0
03/04/2020 05:15,0
03/04/2020 05:30,0
03/04/2020 05:45,0
03/04/2020 06:00,0
03/04/2020 06:15,0
03/04/2020 06:30,0
03/04/2020 06:45,0
03/04/2020 07:00,0.05
03/04/2020 07:15,0.93
03/04/2020 07:30,2.7325
03/04/2020 07:45,5.095
03/04/2020 08:00,7.005
03/04/2020 08:15,9.0575
03/04/2020 08:30,19.96
03/04/2020 08:45,19.0975
03/04/2020 09:00,20.03
03/04/2020 09:15,29.1525
03/04/2020 09:30,40.0675
03/04/2020 09:45,62.4475
03/04/2020 10:00,54.3675
03/04/2020 10:15,31.9925
03/04/2020 10:30,29.2875
03/04/2020 10:45,62.66
03/04/2020 11:00,41.4925
03/04/2020 11:15,60.6
03/04/2020 11:30,52.3
03/04/2020 11:45,67.555
03/04/2020 12:00,64.5475
03/04/2020 12:15,93.175
03/04/2020 12:30,101.7
03/04/2020 12:45,60.9575
03/04/2020 13:00,59.3525
03/04/2020 13:15,69.1175
03/04/2020 13:30,68.885
03/04/2020 13:45,106.6625
03/04/2020 14:00,125.6
03/04/2020 14:15,103.3025
03/04/2020 14:30,80.725
03/04/2020 14:45,111.5775
03/04/2020 15:00,91.6075
03/04/2020 15:15,111.855
03/04/2020 15:30,108.67
03/04/2020 15:45,109.515
03/04/2020 16:00,104.31
03/04/2020 16:15,100.955
03/04/2020 16:30,97.5725
03/04/2020 16:45,93.645
03/04/2020 17:00,89.8725
03/04/2020 17:15,83.5975
03/04/2020 17:30,75.1875
03/04/2020 17:45,67.3375
03/04/2020 18:00,58.015
03/04/2020 18:15,49.9875
03/04/2020 18:30,41.6825
03/04/2020 18:45,29.5325
03/04/2020 19:00,12.2025
03/04/2020 19:15,5.9575
03/04/2020 19:30,4.61
03/04/2020 19:45,2.7575
03/04/2020 20:00,1.205
03/04/2020 20:15,0.12
03/04/2020 20:30,0
03/04/2020 20:45,0
03/04/2020 21:00,0
03/04/2020 21:15,0
03/04/2020 21:30,0
03/04/2020 21:45,0
03/04/2020 22:00,0
03/04/2020 22:15,0
03/04/2020 22:30,0
03/04/2020 22:45,0
03/04/2020 23:00,0
03/04/2020 23:15,0
03/04/2020 23:30,0
03/04/2020 23:45,0
04/04/2020 00:00,0
04/04/2020 00:15,0
04/04/2020 00:30,0
04/04/2020 00:45,0
04/04/2020 01:00,0
04/04/2020 01:15,0
04/04/2020 01:30,0
04/04/2020 01:45,0
04/04/2020 02:00,0
04/04/2020 02:15,0
04/04/2020 02:30,0
04/04/2020 02:45,0
04/04/2020 03:00,0
04/04/2020 03:15,0
04/04/2020 03:30,0
04/04/2020 03:45,0
04/04/2020 04:00,0
04/04/2020 04:15,0
04/04/2020 04:30,0
04/04/2020 04:45,0
04/04/2020 05:00,0
04/04/2020 05:15,0
04/04/2020 05:30,0
04/04/2020 05:45,0
04/04/2020 06:00,0
04/04/2020 06:15,0
04/04/2020 06:30,0
04/04/2020 06:45,0.025
04/04/2020 07:00,0.56
04/04/2020 07:15,2.4625
04/04/2020 07:30,4.86
04/04/2020 07:45,6.6825
04/04/2020 08:00,12.155
04/04/2020 08:15,21.5275
04/04/2020 08:30,29.3325
04/04/2020 08:45,36.3025
04/04/2020 09:00,43.8525
04/04/2020 09:15,51.6975
04/04/2020 09:30,59.17
04/04/2020 09:45,66.3975
04/04/2020 10:00,72.485
04/04/2020 10:15,78.105
04/04/2020 10:30,84.255
04/04/2020 10:45,91.865
04/04/2020 11:00,98.79
04/04/2020 11:15,103.53
04/04/2020 11:30,106.74
04/04/2020 11:45,108.6775
04/04/2020 12:00,109.8525
04/04/2020 12:15,111.54
04/04/2020 12:30,114.7675
04/04/2020 12:45,115.93
04/04/2020 13:00,116.34
04/04/2020 13:15,117.7925
04/04/2020 13:30,115.34
04/04/2020 13:45,115.3275
04/04/2020 14:00,117.485
04/04/2020 14:15,116.305
04/04/2020 14:30,115.1075
04/04/2020 14:45,113.2575
04/04/2020 15:00,111.3175
04/04/2020 15:15,109.785
04/04/2020 15:30,108.1075
04/04/2020 15:45,105.35
04/04/2020 16:00,102.0325
04/04/2020 16:15,98.205
04/04/2020 16:30,95.5725
04/04/2020 16:45,91.325
04/04/2020 17:00,86.77
04/04/2020 17:15,79.9575
04/04/2020 17:30,71.7725
04/04/2020 17:45,64.1225
04/04/2020 18:00,56.0775
04/04/2020 18:15,48.3025
04/04/2020 18:30,39.435
04/04/2020 18:45,31.2025
04/04/2020 19:00,22.805
04/04/2020 19:15,14.75
04/04/2020 19:30,10.8025
04/04/2020 19:45,5.7825
04/04/2020 20:00,2.5275
04/04/2020 20:15,0.5275
04/04/2020 20:30,0.0125
04/04/2020 20:45,0
04/04/2020 21:00,0
04/04/2020 21:15,0
04/04/2020 21:30,0
04/04/2020 21:45,0
04/04/2020 22:00,0
04/04/2020 22:15,0
04/04/2020 22:30,0
04/04/2020 22:45,0
04/04/2020 23:00,0
04/04/2020 23:15,0
04/04/2020 23:30,0
04/04/2020 23:45,0
05/04/2020 00:00,0
05/04/2020 00:15,0
05/04/2020 00:30,0
05/04/2020 00:45,0
05/04/2020 01:00,0
05/04/2020 01:15,0
05/04/2020 01:30,0
05/04/2020 01:45,0
05/04/2020 02:00,0
05/04/2020 02:15,0
05/04/2020 02:30,0
05/04/2020 02:45,0
05/04/2020 03:00,0
05/04/2020 03:15,0
05/04/2020 03:30,0
05/04/2020 03:45,0
05/04/2020 04:00,0
05/04/2020 04:15,0
05/04/2020 04:30,0
05/04/2020 04:45,0
05/04/2020 05:00,0
05/04/2020 05:15,0
05/04/2020 05:30,0
05/04/2020 05:45,0
05/04/2020 06:00,0
05/04/2020 06:15,0
05/04/2020 06:30,0
05/04/2020 06:45,0
05/04/2020 07:00,0.49
05/04/2020 07:15,2.125
05/04/2020 07:30,4.235
05/04/2020 07:45,7.9275
05/04/2020 08:00,14.5025
05/04/2020 08:15,22.215
05/04/2020 08:30,29.6475
05/04/2020 08:45,36.4175
05/04/2020 09:00,43.5275
05/04/2020 09:15,51.0475
05/04/2020 09:30,58.905
05/04/2020 09:45,66.1875
05/04/2020 10:00,72.4075
05/04/2020 10:15,78.235
05/04/2020 10:30,84.62
05/04/2020 10:45,92.0675
05/04/2020 11:00,98.785
05/04/2020 11:15,103.605
05/04/2020 11:30,106.7075
05/04/2020 11:45,109.6025
05/04/2020 12:00,111.8075
05/04/2020 12:15,113.45
05/04/2020 12:30,114.685
05/04/2020 12:45,116.16
05/04/2020 13:00,117.0375
05/04/2020 13:15,117.3525
05/04/2020 13:30,117.445
05/04/2020 13:45,117.52
05/04/2020 14:00,116.615
05/04/2020 14:15,116.525
05/04/2020 14:30,115.4775
05/04/2020 14:45,114.3175
05/04/2020 15:00,112.3825
05/04/2020 15:15,110.61
05/04/2020 15:30,108.105
05/04/2020 15:45,105.26
05/04/2020 16:00,102.6825
05/04/2020 16:15,99.4425
05/04/2020 16:30,96.105
05/04/2020 16:45,92.3075
05/04/2020 17:00,88.025
05/04/2020 17:15,81.7525
05/04/2020 17:30,73.8375
05/04/2020 17:45,66.1525
05/04/2020 18:00,58.1475
05/04/2020 18:15,49.86
05/04/2020 18:30,41.625
05/04/2020 18:45,33.47
05/04/2020 19:00,25.455
05/04/2020 19:15,18.1725
05/04/2020 19:30,11.735
05/04/2020 19:45,5.6975
05/04/2020 20:00,2.4425
05/04/2020 20:15,0.5275
05/04/2020 20:30,0.0125
05/04/2020 20:45,0
05/04/2020 21:00,0
05/04/2020 21:15,0
05/04/2020 21:30,0
05/04/2020 21:45,0
05/04/2020 22:00,0
05/04/2020 22:15,0
05/04/2020 22:30,0
05/04/2020 22:45,0
05/04/2020 23:00,0
05/04/2020 23:15,0
05/04/2020 23:30,0
05/04/2020 23:45,0
06/04/2020 00:00,0
06/04/2020 00:15,0
06/04/2020 00:30,0
06/04/2020 00:45,0
06/04/2020 01:00,0
06/04/2020 01:15,0
06/04/2020 01:30,0
06/04/2020 01:45,0
06/04/2020 02:00,0
06/04/2020 02:15,0
06/04/2020 02:30,0
06/04/2020 02:45,0
06/04/2020 03:00,0
06/04/2020 03:15,0
06/04/2020 03:30,0
06/04/2020 03:45,0
06/04/2020 04:00,0
06/04/2020 04:15,0
06/04/2020 04:30,0
06/04/2020 04:45,0
06/04/2020 05:00,0
06/04/2020 05:15,0
06/04/2020 05:30,0
06/04/2020 05:45,0
06/04/2020 06:00,0
06/04/2020 06:15,0
06/04/2020 06:30,0
06/04/2020 06:45,0.0125
06/04/2020 07:00,0.6175
06/04/2020 07:15,2.1175
06/04/2020 07:30,4.025
06/04/2020 07:45,8.2925
06/04/2020 08:00,15.2725
06/04/2020 08:15,23.2025
06/04/2020 08:30,30.8775
06/04/2020 08:45,37.97
06/04/2020 09:00,45.3925
06/04/2020 09:15,53.37
06/04/2020 09:30,60.7325
06/04/2020 09:45,68.7225
06/04/2020 10:00,74.965
06/04/2020 10:15,80.285
06/04/2020 10:30,85.06
06/04/2020 10:45,92.245
06/04/2020 11:00,98.64
06/04/2020 11:15,102.625
06/04/2020 11:30,105.6925
06/04/2020 11:45,107.8025
06/04/2020 12:00,110.0175
06/04/2020 12:15,111.73
06/04/2020 12:30,112.6075
06/04/2020 12:45,113.1575
06/04/2020 13:00,113.485
06/04/2020 13:15,114.3875
06/04/2020 13:30,114.8825
06/04/2020 13:45,116.335
06/04/2020 14:00,90.7325
06/04/2020 14:15,99.8725
06/04/2020 14:30,104.0775
06/04/2020 14:45,101.4425
06/04/2020 15:00,75.4825
06/04/2020 15:15,94.405
06/04/2020 15:30,67.58
06/04/2020 15:45,52.2575
06/04/2020 16:00,57.9025
06/04/2020 16:15,44.555
06/04/2020 16:30,39.19
06/04/2020 16:45,13.155
06/04/2020 17:00,9.45
06/04/2020 17:15,6.1675
06/04/2020 17:30,7.215
06/04/2020 17:45,12.5775
06/04/2020 18:00,13.8875
06/04/2020 18:15,6.635
06/04/2020 18:30,5.4475
06/04/2020 18:45,5.99
06/04/2020 19:00,21.3675
06/04/2020 19:15,22.6625
06/04/2020 19:30,16.13
06/04/2020 19:45,8.885
06/04/2020 20:00,4.8775
06/04/2020 20:15,1.8625
06/04/2020 20:30,0.0825
06/04/2020 20:45,0
06/04/2020 21:00,0
06/04/2020 21:15,0
06/04/2020 21:30,0
06/04/2020 21:45,0
06/04/2020 22:00,0
06/04/2020 22:15,0
06/04/2020 22:30,0
06/04/2020 22:45,0
06/04/2020 23:00,0
06/04/2020 23:15,0
06/04/2020 23:30,0
06/04/2020 23:45,0
07/04/2020 00:00,0
07/04/2020 00:15,0
07/04/2020 00:30,0
07/04/2020 00:45,0
07/04/2020 01:00,0
07/04/2020 01:15,0
07/04/2020 01:30,0
07/04/2020 01:45,0
07/04/2020 02:00,0
07/04/2020 02:15,0
07/04/2020 02:30,0
07/04/2020 02:45,0
07/04/2020 03:00,0
07/04/2020 03:15,0
07/04/2020 03:30,0
07/04/2020 03:45,0
07/04/2020 04:00,0
07/04/2020 04:15,0
07/04/2020 04:30,0
07/04/2020 04:45,0
07/04/2020 05:00,0
07/04/2020 05:15,0
07/04/2020 05:30,0
07/04/2020 05:45,0
07/04/2020 06:00,0
07/04/2020 06:15,0
07/04/2020 06:30,0
07/04/2020 06:45,0.0375
07/04/2020 07:00,0.8975
07/04/2020 07:15,2.8725
07/04/2020 07:30,5.3125
07/04/2020 07:45,10.0075
07/04/2020 08:00,17.125
07/04/2020 08:15,25.6575
07/04/2020 08:30,33.735
07/04/2020 08:45,41.185
07/04/2020 09:00,48.2025
07/04/2020 09:15,55.1075
07/04/2020 09:30,61.08
07/04/2020 09:45,66.9225
07/04/2020 10:00,72.9475
07/04/2020 10:15,77.905
07/04/2020 10:30,83.65
07/04/2020 10:45,93.3575
07/04/2020 11:00,97.585
07/04/2020 11:15,100.9825
07/04/2020 11:30,103.9925
07/04/2020 11:45,108.1575
07/04/2020 12:00,111.2775
07/04/2020 12:15,111.645
07/04/2020 12:30,109.635
07/04/2020 12:45,96.22
07/04/2020 13:00,89.8425
07/04/2020 13:15,109.69
07/04/2020 13:30,85.3475
07/04/2020 13:45,116.52
07/04/2020 14:00,114.3375
07/04/2020 14:15,116.485
07/04/2020 14:30,114.495
07/04/2020 14:45,113.1625
07/04/2020 15:00,110.1725
07/04/2020 15:15,109.205
07/04/2020 15:30,107.715
07/04/2020 15:45,104.7875
07/04/2020 16:00,102.3125
07/04/2020 16:15,95.95
07/04/2020 16:30,91.1025
07/04/2020 16:45,90.13
07/04/2020 17:00,87.91
07/04/2020 17:15,80.8325
07/04/2020 17:30,71.7825
07/04/2020 17:45,57.4175
07/04/2020 18:00,52.5925
07/04/2020 18:15,49.1125
07/04/2020 18:30,41.725
07/04/2020 18:45,32.1675
07/04/2020 19:00,25.84
07/04/2020 19:15,20.92
07/04/2020 19:30,15.6375
07/04/2020 19:45,10.1125
07/04/2020 20:00,4.935
07/04/2020 20:15,1.115
07/04/2020 20:30,0.0125
07/04/2020 20:45,0
07/04/2020 21:00,0
07/04/2020 21:15,0
07/04/2020 21:30,0
07/04/2020 21:45,0
07/04/2020 22:00,0
07/04/2020 22:15,0
07/04/2020 22:30,0
07/04/2020 22:45,0
07/04/2020 23:00,0
07/04/2020 23:15,0
07/04/2020 23:30,0
07/04/2020 23:45,0
08/04/2020 00:00,0
08/04/2020 00:15,0
08/04/2020 00:30,0
08/04/2020 00:45,0
08/04/2020 01:00,0
08/04/2020 01:15,0
08/04/2020 01:30,0
08/04/2020 01:45,0
08/04/2020 02:00,0
08/04/2020 02:15,0
08/04/2020 02:30,0
08/04/2020 02:45,0
08/04/2020 03:00,0
08/04/2020 03:15,0
08/04/2020 03:30,0
08/04/2020 03:45,0
08/04/2020 04:00,0
08/04/2020 04:15,0
08/04/2020 04:30,0
08/04/2020 04:45,0
08/04/2020 05:00,0
08/04/2020 05:15,0
08/04/2020 05:30,0
08/04/2020 05:45,0
08/04/2020 06:00,0
08/04/2020 06:15,0
08/04/2020 06:30,0
08/04/2020 06:45,0.075
08/04/2020 07:00,0.8025
08/04/2020 07:15,2.9625
08/04/2020 07:30,4.79
08/04/2020 07:45,7.5975
08/04/2020 08:00,14.145
08/04/2020 08:15,19.6325
08/04/2020 08:30,27.9575
08/04/2020 08:45,37.89
08/04/2020 09:00,41.3275
08/04/2020 09:15,44.91
08/04/2020 09:30,54.9625
08/04/2020 09:45,62.995
08/04/2020 10:00,72.3325
08/04/2020 10:15,78.14
08/04/2020 10:30,81.375
08/04/2020 10:45,88.5275
08/04/2020 11:00,91.87
08/04/2020 11:15,95.2025
08/04/2020 11:30,100.12
08/04/2020 11:45,102.7425
08/04/2020 12:00,105.5825
08/04/2020 12:15,106.7925
08/04/2020 12:30,109.315
08/04/2020 12:45,109.5075
08/04/2020 13:00,110.085
08/04/2020 13:15,111.5175
08/04/2020 13:30,111.0825
08/04/2020 13:45,111.795
08/04/2020 14:00,109.25
08/04/2020 14:15,107.185
08/04/2020 14:30,108.4175
08/04/2020 14:45,108.29
08/04/2020 15:00,106.7875
08/04/2020 15:15,104.925
08/04/2020 15:30,100.3225
08/04/2020 15:45,99.145
08/04/2020 16:00,96.1775
08/04/2020 16:15,91.4925
08/04/2020 16:30,85.44
08/04/2020 16:45,88.4275
08/04/2020 17:00,80.745
08/04/2020 17:15,76
08/04/2020 17:30,70.5775
08/04/2020 17:45,61.88
08/04/2020 18:00,53.385
08/04/2020 18:15,46.5775
08/04/2020 18:30,38.2125
08/04/2020 18:45,30.925
08/04/2020 19:00,25.6475
08/04/2020 19:15,18.82
08/04/2020 19:30,12.6175
08/04/2020 19:45,7.5325
08/04/2020 20:00,3.7525
08/04/2020 20:15,1.18
08/04/2020 20:30,0.1075
08/04/2020 20:45,0
08/04/2020 21:00,0
08/04/2020 21:15,0
08/04/2020 21:30,0
08/04/2020 21:45,0
08/04/2020 22:00,0
08/04/2020 22:15,0
08/04/2020 22:30,0
08/04/2020 22:45,0
08/04/2020 23:00,0
08/04/2020 23:15,0
08/04/2020 23:30,0
08/04/2020 23:45,0
09/04/2020 00:00,0
09/04/2020 00:15,0
09/04/2020 00:30,0
09/04/2020 00:45,0
09/04/2020 01:00,0
09/04/2020 01:15,0
09/04/2020 01:30,0
09/04/2020 01:45,0
09/04/2020 02:00,0
09/04/2020 02:15,0
09/04/2020 02:30,0
09/04/2020 02:45,0
09/04/2020 03:00,0
09/04/2020 03:15,0
09/04/2020 03:30,0
09/04/2020 03:45,0
09/04/2020 04:00,0
09/04/2020 04:15,0
09/04/2020 04:30,0
09/04/2020 04:45,0
09/04/2020 05:00,0
09/04/2020 05:15,0
09/04/2020 05:30,0
09/04/2020 05:45,0
09/04/2020 06:00,0
09/04/2020 06:15,0
09/04/2020 06:30,0
09/04/2020 06:45,0.2275
09/04/2020 07:00,1.41
09/04/2020 07:15,3.4925
09/04/2020 07:30,6.375
09/04/2020 07:45,8.495
09/04/2020 08:00,10.8525
09/04/2020 08:15,12.4875
09/04/2020 08:30,15.3
09/04/2020 08:45,18.2575
09/04/2020 09:00,21.03
09/04/2020 09:15,26.295
09/04/2020 09:30,30.75
09/04/2020 09:45,32.6025
09/04/2020 10:00,38.0975
09/04/2020 10:15,44.0325
09/04/2020 10:30,58.31
09/04/2020 10:45,67.22
09/04/2020 11:00,69.8725
09/04/2020 11:15,91.9175
09/04/2020 11:30,112.1525
09/04/2020 11:45,106.845
09/04/2020 12:00,98.01
09/04/2020 12:15,81.1375
09/04/2020 12:30,114.5625
09/04/2020 12:45,115.035
09/04/2020 13:00,114.105
09/04/2020 13:15,113.935
09/04/2020 13:30,113.9675
09/04/2020 13:45,112.64
09/04/2020 14:00,112.545
09/04/2020 14:15,112.26
09/04/2020 14:30,111.045
09/04/2020 14:45,110.2175
09/04/2020 15:00,109.0425
09/04/2020 15:15,107.3475
09/04/2020 15:30,105.2475
09/04/2020 15:45,102.6
09/04/2020 16:00,99.9475
09/04/2020 16:15,96.45
09/04/2020 16:30,93.535
09/04/2020 16:45,90.1725
09/04/2020 17:00,86.4
09/04/2020 17:15,80.0275
09/04/2020 17:30,72.45
09/04/2020 17:45,64.8075
09/04/2020 18:00,57.6225
09/04/2020 18:15,49.03
09/04/2020 18:30,43.005
09/04/2020 18:45,34.9975
09/04/2020 19:00,27.55
09/04/2020 19:15,20.39
09/04/2020 19:30,12.0475
09/04/2020 19:45,6.415
09/04/2020 20:00,2.8775
09/04/2020 20:15,0.86
09/04/2020 20:30,0.0375
09/04/2020 20:45,0
09/04/2020 21:00,0
09/04/2020 21:15,0
09/04/2020 21:30,0
09/04/2020 21:45,0
09/04/2020 22:00,0
09/04/2020 22:15,0
09/04/2020 22:30,0
09/04/2020 22:45,0
09/04/2020 23:00,0
09/04/2020 23:15,0
09/04/2020 23:30,0
09/04/2020 23:45,0
10/04/2020 00:00,0
10/04/2020 00:15,0
10/04/2020 00:30,0
10/04/2020 00:45,0
10/04/2020 01:00,0
10/04/2020 01:15,0
10/04/2020 01:30,0
10/04/2020 01:45,0
10/04/2020 02:00,0
10/04/2020 02:15,0
10/04/2020 02:30,0
10/04/2020 02:45,0
10/04/2020 03:00,0
10/04/2020 03:15,0
10/04/2020 03:30,0
10/04/2020 03:45,0
10/04/2020 04:00,0
10/04/2020 04:15,0
10/04/2020 04:30,0
10/04/2020 04:45,0
10/04/2020 05:00,0
10/04/2020 05:15,0
10/04/2020 05:30,0
10/04/2020 05:45,0
10/04/2020 06:00,0
10/04/2020 06:15,0
10/04/2020 06:30,0
10/04/2020 06:45,0.26
10/04/2020 07:00,1.8625
10/04/2020 07:15,4.725
10/04/2020 07:30,8.0225
10/04/2020 07:45,12.8475
10/04/2020 08:00,18.925
10/04/2020 08:15,23.28
10/04/2020 08:30,33.89
10/04/2020 08:45,39.9925
10/04/2020 09:00,45.2275
10/04/2020 09:15,53.98
10/04/2020 09:30,61.36
10/04/2020 09:45,68.1075
10/04/2020 10:00,76.0525
10/04/2020 10:15,82.235
10/04/2020 10:30,87.185
10/04/2020 10:45,95.76
10/04/2020 11:00,101.52
10/04/2020 11:15,103.565
10/04/2020 11:30,105.8225
10/04/2020 11:45,108.8875
10/04/2020 12:00,110.7825
10/04/2020 12:15,113.35
10/04/2020 12:30,113.6825
10/04/2020 12:45,114.9475
10/04/2020 13:00,115.93
10/04/2020 13:15,115.44
10/04/2020 13:30,116.2525
10/04/2020 13:45,116.8725
10/04/2020 14:00,116.765
10/04/2020 14:15,115.695
10/04/2020 14:30,114.415
10/04/2020 14:45,113.825
10/04/2020 15:00,112.315
10/04/2020 15:15,110.0875
10/04/2020 15:30,107.6775
10/04/2020 15:45,105.4575
10/04/2020 16:00,99.27
10/04/2020 16:15,95.9725
10/04/2020 16:30,93.5125
10/04/2020 16:45,92.325
10/04/2020 17:00,87.8825
10/04/2020 17:15,85.8825
10/04/2020 17:30,67.75
10/04/2020 17:45,68.84
10/04/2020 18:00,53.605
10/04/2020 18:15,51.0675
10/04/2020 18:30,43.8475
10/04/2020 18:45,36.0825
10/04/2020 19:00,30.9875
10/04/2020 19:15,24.21
10/04/2020 19:30,16.705
10/04/2020 19:45,9.57
10/04/2020 20:00,4.065
10/04/2020 20:15,1.48
10/04/2020 20:30,0.1075
10/04/2020 20:45,0
10/04/2020 21:00,0
10/04/2020 21:15,0
10/04/2020 21:30,0
10/04/2020 21:45,0
10/04/2020 22:00,0
10/04/2020 22:15,0
10/04/2020 22:30,0
10/04/2020 22:45,0
10/04/2020 23:00,0
10/04/2020 23:15,0
10/04/2020 23:30,0
10/04/2020 23:45,0
11/04/2020 00:00,0
11/04/2020 00:15,0
11/04/2020 00:30,0
11/04/2020 00:45,0
11/04/2020 01:00,0
11/04/2020 01:15,0
11/04/2020 01:30,0
11/04/2020 01:45,0
11/04/2020 02:00,0
11/04/2020 02:15,0
11/04/2020 02:30,0
11/04/2020 02:45,0
11/04/2020 03:00,0
11/04/2020 03:15,0
11/04/2020 03:30,0
11/04/2020 03:45,0
11/04/2020 04:00,0
11/04/2020 04:15,0
11/04/2020 04:30,0
11/04/2020 04:45,0
11/04/2020 05:00,0
11/04/2020 05:15,0
11/04/2020 05:30,0
11/04/2020 05:45,0
11/04/2020 06:00,0
11/04/2020 06:15,0
11/04/2020 06:30,0
11/04/2020 06:45,0.145
11/04/2020 07:00,1.62
11/04/2020 07:15,4.0875
11/04/2020 07:30,7.1775
11/04/2020 07:45,11.75
11/04/2020 08:00,18.955
11/04/2020 08:15,27.14
11/04/2020 08:30,34.395
11/04/2020 08:45,42.3675
11/04/2020 09:00,48.925
11/04/2020 09:15,56.0725
11/04/2020 09:30,62.5125
11/04/2020 09:45,68.6675
11/04/2020 10:00,72.3975
11/04/2020 10:15,78.3
11/04/2020 10:30,87.035
11/04/2020 10:45,96.2675
11/04/2020 11:00,102.1075
11/04/2020 11:15,105.1
11/04/2020 11:30,107.6825
11/04/2020 11:45,110.07
11/04/2020 12:00,112.1875
11/04/2020 12:15,113.355
11/04/2020 12:30,114.145
11/04/2020 12:45,116.2725
11/04/2020 13:00,116.54
11/04/2020 13:15,116.3225
11/04/2020 13:30,115.675
11/04/2020 13:45,115
11/04/2020 14:00,114.87
11/04/2020 14:15,115.05
11/04/2020 14:30,113.6325
11/04/2020 14:45,112.66
11/04/2020 15:00,111.2225
11/04/2020 15:15,107.78
11/04/2020 15:30,104.44
11/04/2020 15:45,104.7175
11/04/2020 16:00,101.5775
11/04/2020 16:15,99.3075
11/04/2020 16:30,91.2075
11/04/2020 16:45,91.25
11/04/2020 17:00,89.6675
11/04/2020 17:15,84.56
11/04/2020 17:30,75.7025
11/04/2020 17:45,64.725
11/04/2020 18:00,60.585
11/04/2020 18:15,53.1125
11/04/2020 18:30,42.34
11/04/2020 18:45,38.1075
11/04/2020 19:00,28.7575
11/04/2020 19:15,20.575
11/04/2020 19:30,16.2775
11/04/2020 19:45,10.86
11/04/2020 20:00,5.1425
11/04/2020 20:15,1.825
11/04/2020 20:30,0.285
11/04/2020 20:45,0
11/04/2020 21:00,0
11/04/2020 21:15,0
11/04/2020 21:30,0
11/04/2020 21:45,0
11/04/2020 22:00,0
11/04/2020 22:15,0
11/04/2020 22:30,0
11/04/2020 22:45,0
11/04/2020 23:00,0
11/04/2020 23:15,0
11/04/2020 23:30,0
11/04/2020 23:45,0
12/04/2020 00:00,0
12/04/2020 00:15,0
12/04/2020 00:30,0
12/04/2020 00:45,0
12/04/2020 01:00,0
12/04/2020 01:15,0
12/04/2020 01:30,0
12/04/2020 01:45,0
12/04/2020 02:00,0
12/04/2020 02:15,0
12/04/2020 02:30,0
12/04/2020 02:45,0
12/04/2020 03:00,0
12/04/2020 03:15,0
12/04/2020 03:30,0
12/04/2020 03:45,0
12/04/2020 04:00,0
12/04/2020 04:15,0
12/04/2020 04:30,0
12/04/2020 04:45,0
12/04/2020 05:00,0
12/04/2020 05:15,0
12/04/2020 05:30,0
12/04/2020 05:45,0
12/04/2020 06:00,0
12/04/2020 06:15,0
12/04/2020 06:30,0
12/04/2020 06:45,0.445
12/04/2020 07:00,2.3225
12/04/2020 07:15,4.98
12/04/2020 07:30,8.21
12/04/2020 07:45,13.745
12/04/2020 08:00,20.17
12/04/2020 08:15,26.46
12/04/2020 08:30,33.705
12/04/2020 08:45,41.5425
12/04/2020 09:00,47.3225
12/04/2020 09:15,58.19
12/04/2020 09:30,72.7225
12/04/2020 09:45,71.385
12/04/2020 10:00,75.92
12/04/2020 10:15,81.7675
12/04/2020 10:30,98.5475
12/04/2020 10:45,86.545
12/04/2020 11:00,50.515
12/04/2020 11:15,86.7725
12/04/2020 11:30,107.9775
12/04/2020 11:45,116.815
12/04/2020 12:00,114.4
12/04/2020 12:15,110.14
12/04/2020 12:30,112.095
12/04/2020 12:45,119.4025
12/04/2020 13:00,117.36
12/04/2020 13:15,109.5825
12/04/2020 13:30,102.4275
12/04/2020 13:45,112.7525
12/04/2020 14:00,92.2075
12/04/2020 14:15,100.6275
12/04/2020 14:30,102.185
12/04/2020 14:45,98.675
12/04/2020 15:00,86.5425
12/04/2020 15:15,80.8225
12/04/2020 15:30,59.45
12/04/2020 15:45,78.73
12/04/2020 16:00,75.645
12/04/2020 16:15,52.2525
12/04/2020 16:30,43.2
12/04/2020 16:45,51.575
12/04/2020 17:00,66.21
12/04/2020 17:15,76.2925
12/04/2020 17:30,74.56
12/04/2020 17:45,65.1075
12/04/2020 18:00,57.4025
12/04/2020 18:15,49.345
12/04/2020 18:30,30.365
12/04/2020 18:45,32.235
12/04/2020 19:00,25.5725
12/04/2020 19:15,13.275
12/04/2020 19:30,13.6
12/04/2020 19:45,8.9775
12/04/2020 20:00,3.74
12/04/2020 20:15,1.1025
12/04/2020 20:30,0.1525
12/04/2020 20:45,0
12/04/2020 21:00,0
12/04/2020 21:15,0
12/04/2020 21:30,0
12/04/2020 21:45,0
12/04/2020 22:00,0
12/04/2020 22:15,0
12/04/2020 22:30,0
12/04/2020 22:45,0
12/04/2020 23:00,0
12/04/2020 23:15,0
12/04/2020 23:30,0
12/04/2020 23:45,0
13/04/2020 00:00,0
13/04/2020 00:15,0
13/04/2020 00:30,0
13/04/2020 00:45,0
13/04/2020 01:00,0
13/04/2020 01:15,0
13/04/2020 01:30,0
13/04/2020 01:45,0
13/04/2020 02:00,0
13/04/2020 02:15,0
13/04/2020 02:30,0
13/04/2020 02:45,0
13/04/2020 03:00,0
13/04/2020 03:15,0
13/04/2020 03:30,0
13/04/2020 03:45,0
13/04/2020 04:00,0
13/04/2020 04:15,0
13/04/2020 04:30,0
13/04/2020 04:45,0
13/04/2020 05:00,0
13/04/2020 05:15,0
13/04/2020 05:30,0
13/04/2020 05:45,0
13/04/2020 06:00,0
13/04/2020 06:15,0
13/04/2020 06:30,0
13/04/2020 06:45,0.145
13/04/2020 07:00,0.81
13/04/2020 07:15,2.425
13/04/2020 07:30,2.4
13/04/2020 07:45,4.9025
13/04/2020 08:00,3.8625
13/04/2020 08:15,7.245
13/04/2020 08:30,10.13
13/04/2020 08:45,19.815
13/04/2020 09:00,28.81
13/04/2020 09:15,39.6625
13/04/2020 09:30,63.0075
13/04/2020 09:45,63.5075
13/04/2020 10:00,54.915
13/04/2020 10:15,38.96
13/04/2020 10:30,87.71
13/04/2020 10:45,102.3425
13/04/2020 11:00,89.74
13/04/2020 11:15,83.1175
13/04/2020 11:30,72.0925
13/04/2020 11:45,64.325
13/04/2020 12:00,120.4225
13/04/2020 12:15,103.3725
13/04/2020 12:30,89.0225
13/04/2020 12:45,97.5925
13/04/2020 13:00,105.3825
13/04/2020 13:15,123.065
13/04/2020 13:30,110.9875
13/04/2020 13:45,99.735
13/04/2020 14:00,117.8675
13/04/2020 14:15,117.1625
13/04/2020 14:30,121.24
13/04/2020 14:45,120.41
13/04/2020 15:00,116.5675
13/04/2020 15:15,116.7325
13/04/2020 15:30,115.2675
13/04/2020 15:45,112.83
13/04/2020 16:00,106.2675
13/04/2020 16:15,99.19
13/04/2020 16:30,97.9625
13/04/2020 16:45,95.86
13/04/2020 17:00,93.315
13/04/2020 17:15,89.29
13/04/2020 17:30,83.165
13/04/2020 17:45,74.58
13/04/2020 18:00,66.1275
13/04/2020 18:15,57.2475
13/04/2020 18:30,48.6875
13/04/2020 18:45,40.6775
13/04/2020 19:00,35.3625
13/04/2020 19:15,24.2825
13/04/2020 19:30,9.7075
13/04/2020 19:45,6.51
13/04/2020 20:00,5.0375
13/04/2020 20:15,1.965
13/04/2020 20:30,0.33
13/04/2020 20:45,0
13/04/2020 21:00,0
13/04/2020 21:15,0
13/04/2020 21:30,0
13/04/2020 21:45,0
13/04/2020 22:00,0
13/04/2020 22:15,0
13/04/2020 22:30,0
13/04/2020 22:45,0
13/04/2020 23:00,0
13/04/2020 23:15,0
13/04/2020 23:30,0
13/04/2020 23:45,0
14/04/2020 00:00,0
14/04/2020 00:15,0
14/04/2020 00:30,0
14/04/2020 00:45,0
14/04/2020 01:00,0
14/04/2020 01:15,0
14/04/2020 01:30,0
14/04/2020 01:45,0
14/04/2020 02:00,0
14/04/2020 02:15,0
14/04/2020 02:30,0
14/04/2020 02:45,0
14/04/2020 03:00,0
14/04/2020 03:15,0
14/04/2020 03:30,0
14/04/2020 03:45,0
14/04/2020 04:00,0
14/04/2020 04:15,0
14/04/2020 04:30,0
14/04/2020 04:45,0
14/04/2020 05:00,0
14/04/2020 05:15,0
14/04/2020 05:30,0
14/04/2020 05:45,0
14/04/2020 06:00,0
14/04/2020 06:15,0
14/04/2020 06:30,0
14/04/2020 06:45,0.375
14/04/2020 07:00,2.765
14/04/2020 07:15,6.105
14/04/2020 07:30,8.3225
14/04/2020 07:45,7.65
14/04/2020 08:00,9.405
14/04/2020 08:15,8.4975
14/04/2020 08:30,11.115
14/04/2020 08:45,25.8925
14/04/2020 09:00,28.1675
14/04/2020 09:15,34.9975
14/04/2020 09:30,33.8175
14/04/2020 09:45,37.9925
14/04/2020 10:00,23.6325
14/04/2020 10:15,33.48
14/04/2020 10:30,25.2
14/04/2020 10:45,41.5025
14/04/2020 11:00,53.615
14/04/2020 11:15,27.0125
14/04/2020 11:30,40.2
14/04/2020 11:45,38.3625
14/04/2020 12:00,40.9625
14/04/2020 12:15,63.5825
14/04/2020 12:30,93.6
14/04/2020 12:45,108.5625
14/04/2020 13:00,107.895
14/04/2020 13:15,102.43
14/04/2020 13:30,82.6875
14/04/2020 13:45,83.2875
14/04/2020 14:00,67.5525
14/04/2020 14:15,55.3275
14/04/2020 14:30,48.7525
14/04/2020 14:45,91.2475
14/04/2020 15:00,88.3075
14/04/2020 15:15,81.185
14/04/2020 15:30,71.61
14/04/2020 15:45,58.805
14/04/2020 16:00,78.39
14/04/2020 16:15,80.6575
14/04/2020 16:30,80.055
14/04/2020 16:45,89.0625
14/04/2020 17:00,96.81
14/04/2020 17:15,90.39
14/04/2020 17:30,87.0675
14/04/2020 17:45,79.4975
14/04/2020 18:00,68.545
14/04/2020 18:15,58.58
14/04/2020 18:30,49.6925
14/04/2020 18:45,41.06
14/04/2020 19:00,31.95
14/04/2020 19:15,22.2675
14/04/2020 19:30,15.7275
14/04/2020 19:45,9.47
14/04/2020 20:00,5.79
14/04/2020 20:15,2.405
14/04/2020 20:30,0.3875
14/04/2020 20:45,0
14/04/2020 21:00,0
14/04/2020 21:15,0
14/04/2020 21:30,0
14/04/2020 21:45,0
14/04/2020 22:00,0
14/04/2020 22:15,0
14/04/2020 22:30,0
14/04/2020 22:45,0
14/04/2020 23:00,0
14/04/2020 23:15,0
14/04/2020 23:30,0
14/04/2020 23:45,0
15/04/2020 00:00,0
15/04/2020 00:15,0
15/04/2020 00:30,0
15/04/2020 00:45,0
15/04/2020 01:00,0
15/04/2020 01:15,0
15/04/2020 01:30,0
15/04/2020 01:45,0
15/04/2020 02:00,0
15/04/2020 02:15,0
15/04/2020 02:30,0
15/04/2020 02:45,0
15/04/2020 03:00,0
15/04/2020 03:15,0
15/04/2020 03:30,0
15/04/2020 03:45,0
15/04/2020 04:00,0
15/04/2020 04:15,0
15/04/2020 04:30,0
15/04/2020 04:45,0
15/04/2020 05:00,0
15/04/2020 05:15,0
15/04/2020 05:30,0
15/04/2020 05:45,0
15/04/2020 06:00,0
15/04/2020 06:15,0
15/04/2020 06:30,0.025
15/04/2020 06:45,0.7
15/04/2020 07:00,2.79
15/04/2020 07:15,5.78
15/04/2020 07:30,10.38
15/04/2020 07:45,16.895
15/04/2020 08:00,22.6025
15/04/2020 08:15,28.525
15/04/2020 08:30,41.405
15/04/2020 08:45,49.625
15/04/2020 09:00,56.1575
15/04/2020 09:15,62.1175
15/04/2020 09:30,69.025
15/04/2020 09:45,75.635
15/04/2020 10:00,82.5425
15/04/2020 10:15,85.5675
15/04/2020 10:30,92.2775
15/04/2020 10:45,90.425
15/04/2020 11:00,66.005
15/04/2020 11:15,68.9275
15/04/2020 11:30,71.55
15/04/2020 11:45,101.5775
15/04/2020 12:00,112.9325
15/04/2020 12:15,114.485
15/04/2020 12:30,115.94
15/04/2020 12:45,117.1
15/04/2020 13:00,117.575
15/04/2020 13:15,117.8175
15/04/2020 13:30,118.4125
15/04/2020 13:45,116.985
15/04/2020 14:00,115.505
15/04/2020 14:15,116.0775
15/04/2020 14:30,113.6475
15/04/2020 14:45,111.64
15/04/2020 15:00,111.69
15/04/2020 15:15,107.2675
15/04/2020 15:30,107.6025
15/04/2020 15:45,101.58
15/04/2020 16:00,86.1575
15/04/2020 16:15,78.1025
15/04/2020 16:30,76.3725
15/04/2020 16:45,86.61
15/04/2020 17:00,83.7625
15/04/2020 17:15,84.7375
15/04/2020 17:30,61.23
15/04/2020 17:45,49.1675
15/04/2020 18:00,50.125
15/04/2020 18:15,47.6425
15/04/2020 18:30,42.2775
15/04/2020 18:45,40.475
15/04/2020 19:00,29.7525
15/04/2020 19:15,27.0725
15/04/2020 19:30,21.56
15/04/2020 19:45,13.34
15/04/2020 20:00,8.0125
15/04/2020 20:15,4.105
15/04/2020 20:30,1.1225
15/04/2020 20:45,0.3625
15/04/2020 21:00,0
15/04/2020 21:15,0
15/04/2020 21:30,0
15/04/2020 21:45,0
15/04/2020 22:00,0
15/04/2020 22:15,0
15/04/2020 22:30,0
15/04/2020 22:45,0
15/04/2020 23:00,0
15/04/2020 23:15,0
15/04/2020 23:30,0
15/04/2020 23:45,0
16/04/2020 00:00,0
16/04/2020 00:15,0
16/04/2020 00:30,0
16/04/2020 00:45,0
16/04/2020 01:00,0
16/04/2020 01:15,0
16/04/2020 01:30,0
16/04/2020 01:45,0
16/04/2020 02:00,0
16/04/2020 02:15,0
16/04/2020 02:30,0
16/04/2020 02:45,0
16/04/2020 03:00,0
16/04/2020 03:15,0
16/04/2020 03:30,0
16/04/2020 03:45,0
16/04/2020 04:00,0
16/04/2020 04:15,0
16/04/2020 04:30,0
16/04/2020 04:45,0
16/04/2020 05:00,0
16/04/2020 05:15,0
16/04/2020 05:30,0
16/04/2020 05:45,0
16/04/2020 06:00,0
16/04/2020 06:15,0
16/04/2020 06:30,0.1825
16/04/2020 06:45,1.4475
16/04/2020 07:00,4.1175
16/04/2020 07:15,7.34
16/04/2020 07:30,9.3775
16/04/2020 07:45,11.275
16/04/2020 08:00,16.5675
16/04/2020 08:15,25.1175
16/04/2020 08:30,28.8675
16/04/2020 08:45,43.86
16/04/2020 09:00,55.2975
16/04/2020 09:15,60.965
16/04/2020 09:30,66.6975
16/04/2020 09:45,71.9875
16/04/2020 10:00,81.1025
16/04/2020 10:15,87.29
16/04/2020 10:30,93.4175
16/04/2020 10:45,99.6275
16/04/2020 11:00,103.315
16/04/2020 11:15,106.4
16/04/2020 11:30,108.69
16/04/2020 11:45,111.1225
16/04/2020 12:00,112.875
16/04/2020 12:15,114.0875
16/04/2020 12:30,115.225
16/04/2020 12:45,115.74
16/04/2020 13:00,115.735
16/04/2020 13:15,115.7825
16/04/2020 13:30,115.7475
16/04/2020 13:45,114.0725
16/04/2020 14:00,114.985
16/04/2020 14:15,113.6125
16/04/2020 14:30,110.12
16/04/2020 14:45,107.94
16/04/2020 15:00,106.78
16/04/2020 15:15,105.765
16/04/2020 15:30,103.76
16/04/2020 15:45,91.5925
16/04/2020 16:00,97.9425
16/04/2020 16:15,91.48
16/04/2020 16:30,93.6025
16/04/2020 16:45,83.8125
16/04/2020 17:00,81.95
16/04/2020 17:15,73.445
16/04/2020 17:30,54.83
16/04/2020 17:45,43.415
16/04/2020 18:00,43.9025
16/04/2020 18:15,39.625
16/04/2020 18:30,36.1725
16/04/2020 18:45,32.2
16/04/2020 19:00,25.3575
16/04/2020 19:15,20.7825
16/04/2020 19:30,14.7025
16/04/2020 19:45,10.3075
16/04/2020 20:00,6.175
16/04/2020 20:15,3.2875
16/04/2020 20:30,0.9175
16/04/2020 20:45,0.0125
16/04/2020 21:00,0
16/04/2020 21:15,0
16/04/2020 21:30,0
16/04/2020 21:45,0
16/04/2020 22:00,0
16/04/2020 22:15,0
16/04/2020 22:30,0
16/04/2020 22:45,0
16/04/2020 23:00,0
16/04/2020 23:15,0
16/04/2020 23:30,0
16/04/2020 23:45,0
17/04/2020 00:00,0
17/04/2020 00:15,0
17/04/2020 00:30,0
17/04/2020 00:45,0
17/04/2020 01:00,0
17/04/2020 01:15,0
17/04/2020 01:30,0
17/04/2020 01:45,0
17/04/2020 02:00,0
17/04/2020 02:15,0
17/04/2020 02:30,0
17/04/2020 02:45,0
17/04/2020 03:00,0
17/04/2020 03:15,0
17/04/2020 03:30,0
17/04/2020 03:45,0
17/04/2020 04:00,0
17/04/2020 04:15,0
17/04/2020 04:30,0
17/04/2020 04:45,0
17/04/2020 05:00,0
17/04/2020 05:15,0
17/04/2020 05:30,0
17/04/2020 05:45,0
17/04/2020 06:00,0
17/04/2020 06:15,0
17/04/2020 06:30,0.12
17/04/2020 06:45,1.1225
17/04/2020 07:00,3.5375
17/04/2020 07:15,5.5625
17/04/2020 07:30,7.295
17/04/2020 07:45,11.02
17/04/2020 08:00,16.89
17/04/2020 08:15,20.345
17/04/2020 08:30,18.99
17/04/2020 08:45,20.2225
17/04/2020 09:00,39.56
17/04/2020 09:15,59.74
17/04/2020 09:30,66.26
17/04/2020 09:45,73.92
17/04/2020 10:00,82.1425
17/04/2020 10:15,86.0775
17/04/2020 10:30,93.5025
17/04/2020 10:45,99.2825
17/04/2020 11:00,103.7375
17/04/2020 11:15,106.8025
17/04/2020 11:30,109.1675
17/04/2020 11:45,111.57
17/04/2020 12:00,113.8525
17/04/2020 12:15,115.2175
17/04/2020 12:30,116.515
17/04/2020 12:45,117.695
17/04/2020 13:00,118.29
17/04/2020 13:15,119.0575
17/04/2020 13:30,119.57
17/04/2020 13:45,119.4125
17/04/2020 14:00,118.81
17/04/2020 14:15,117.4225
17/04/2020 14:30,116.05
17/04/2020 14:45,114.5125
17/04/2020 15:00,112.655
17/04/2020 15:15,110.74
17/04/2020 15:30,107.465
17/04/2020 15:45,104.91
17/04/2020 16:00,101.1
17/04/2020 16:15,98.4125
17/04/2020 16:30,95.515
17/04/2020 16:45,94.2175
17/04/2020 17:00,89.7525
17/04/2020 17:15,84.3675
17/04/2020 17:30,77.0425
17/04/2020 17:45,69.6175
17/04/2020 18:00,61.6625
17/04/2020 18:15,53.42
17/04/2020 18:30,45.6225
17/04/2020 18:45,38.13
17/04/2020 19:00,30.76
17/04/2020 19:15,23.71
17/04/2020 19:30,17.1
17/04/2020 19:45,11.4475
17/04/2020 20:00,6.595
17/04/2020 20:15,2.8975
17/04/2020 20:30,0.8225
17/04/2020 20:45,0.05
17/04/2020 21:00,0
17/04/2020 21:15,0
17/04/2020 21:30,0
17/04/2020 21:45,0
17/04/2020 22:00,0
17/04/2020 22:15,0
17/04/2020 22:30,0
17/04/2020 22:45,0
17/04/2020 23:00,0
17/04/2020 23:15,0
17/04/2020 23:30,0
17/04/2020 23:45,0
18/04/2020 00:00,0
18/04/2020 00:15,0
18/04/2020 00:30,0
18/04/2020 00:45,0
18/04/2020 01:00,0
18/04/2020 01:15,0
18/04/2020 01:30,0
18/04/2020 01:45,0
18/04/2020 02:00,0
18/04/2020 02:15,0
18/04/2020 02:30,0
18/04/2020 02:45,0
18/04/2020 03:00,0
18/04/2020 03:15,0
18/04/2020 03:30,0
18/04/2020 03:45,0
18/04/2020 04:00,0
18/04/2020 04:15,0
18/04/2020 04:30,0
18/04/2020 04:45,0
18/04/2020 05:00,0
18/04/2020 05:15,0
18/04/2020 05:30,0
18/04/2020 05:45,0
18/04/2020 06:00,0
18/04/2020 06:15,0
18/04/2020 06:30,0.125
18/04/2020 06:45,1.7675
18/04/2020 07:00,5.365
18/04/2020 07:15,10.8325
18/04/2020 07:30,13.245
18/04/2020 07:45,17.6725
18/04/2020 08:00,25.755
18/04/2020 08:15,26.4575
18/04/2020 08:30,27.9325
18/04/2020 08:45,15.4575
18/04/2020 09:00,10.7075
18/04/2020 09:15,16.525
18/04/2020 09:30,29.3325
18/04/2020 09:45,31.4525
18/04/2020 10:00,30.615
18/04/2020 10:15,54.0025
18/04/2020 10:30,81.8475
18/04/2020 10:45,78.4625
18/04/2020 11:00,97.445
18/04/2020 11:15,64.1075
18/04/2020 11:30,59.2475
18/04/2020 11:45,29.27
18/04/2020 12:00,30.625
18/04/2020 12:15,39.325
18/04/2020 12:30,42.35
18/04/2020 12:45,58.2175
18/04/2020 13:00,53.0525
18/04/2020 13:15,32.0675
18/04/2020 13:30,18.5075
18/04/2020 13:45,12
18/04/2020 14:00,14.375
18/04/2020 14:15,17.325
18/04/2020 14:30,11.7475
18/04/2020 14:45,15.7825
18/04/2020 15:00,19.575
18/04/2020 15:15,22.065
18/04/2020 15:30,35.3025
18/04/2020 15:45,46.8
18/04/2020 16:00,32.5
18/04/2020 16:15,12.4825
18/04/2020 16:30,20.515
18/04/2020 16:45,23.6275
18/04/2020 17:00,23.6175
18/04/2020 17:15,19.14
18/04/2020 17:30,11.5525
18/04/2020 17:45,7.255
18/04/2020 18:00,4.955
18/04/2020 18:15,3.825
18/04/2020 18:30,4.4175
18/04/2020 18:45,4.635
18/04/2020 19:00,3.6575
18/04/2020 19:15,3.58
18/04/2020 19:30,2.885
18/04/2020 19:45,1.5825
18/04/2020 20:00,0.8025
18/04/2020 20:15,0.05
18/04/2020 20:30,0
18/04/2020 20:45,0
18/04/2020 21:00,0
18/04/2020 21:15,0
18/04/2020 21:30,0
18/04/2020 21:45,0
18/04/2020 22:00,0
18/04/2020 22:15,0
18/04/2020 22:30,0
18/04/2020 22:45,0
18/04/2020 23:00,0
18/04/2020 23:15,0
18/04/2020 23:30,0
18/04/2020 23:45,0
19/04/2020 00:00,0
19/04/2020 00:15,0
19/04/2020 00:30,0
19/04/2020 00:45,0
19/04/2020 01:00,0
19/04/2020 01:15,0
19/04/2020 01:30,0
19/04/2020 01:45,0
19/04/2020 02:00,0
19/04/2020 02:15,0
19/04/2020 02:30,0
19/04/2020 02:45,0
19/04/2020 03:00,0
19/04/2020 03:15,0
19/04/2020 03:30,0
19/04/2020 03:45,0
19/04/2020 04:00,0
19/04/2020 04:15,0
19/04/2020 04:30,0
19/04/2020 04:45,0
19/04/2020 05:00,0
19/04/2020 05:15,0
19/04/2020 05:30,0
19/04/2020 05:45,0
19/04/2020 06:00,0
19/04/2020 06:15,0
19/04/2020 06:30,0.42
19/04/2020 06:45,2.22
19/04/2020 07:00,4.675
19/04/2020 07:15,6.96
19/04/2020 07:30,11.715
19/04/2020 07:45,19.015
19/04/2020 08:00,27.635
19/04/2020 08:15,36.1125
19/04/2020 08:30,44.8475
19/04/2020 08:45,52.7525
19/04/2020 09:00,59.6275
19/04/2020 09:15,65.8875
19/04/2020 09:30,72.265
19/04/2020 09:45,79.0275
19/04/2020 10:00,85.5125
19/04/2020 10:15,91.6475
19/04/2020 10:30,98.7625
19/04/2020 10:45,104.475
19/04/2020 11:00,107.8075
19/04/2020 11:15,111.0025
19/04/2020 11:30,113.745
19/04/2020 11:45,116.4575
19/04/2020 12:00,118.48
19/04/2020 12:15,120.56
19/04/2020 12:30,121.85
19/04/2020 12:45,122.975
19/04/2020 13:00,123.865
19/04/2020 13:15,123.98
19/04/2020 13:30,123.5275
19/04/2020 13:45,123.4175
19/04/2020 14:00,122.895
19/04/2020 14:15,122.245
19/04/2020 14:30,121.165
19/04/2020 14:45,119.8275
19/04/2020 15:00,118.0025
19/04/2020 15:15,116.1275
19/04/2020 15:30,113.72
19/04/2020 15:45,111.045
19/04/2020 16:00,108.3125
19/04/2020 16:15,105.1925
19/04/2020 16:30,102.085
19/04/2020 16:45,98.495
19/04/2020 17:00,94.7825
19/04/2020 17:15,90.84
19/04/2020 17:30,85.66
19/04/2020 17:45,78.285
19/04/2020 18:00,70.09
19/04/2020 18:15,61.715
19/04/2020 18:30,53.3075
19/04/2020 18:45,44.7675
19/04/2020 19:00,36.4775
19/04/2020 19:15,28.4475
19/04/2020 19:30,20.835
19/04/2020 19:45,14.2
19/04/2020 20:00,8.6375
19/04/2020 20:15,3.8975
19/04/2020 20:30,1.575
19/04/2020 20:45,0.3175
19/04/2020 21:00,0
19/04/2020 21:15,0
19/04/2020 21:30,0
19/04/2020 21:45,0
19/04/2020 22:00,0
19/04/2020 22:15,0
19/04/2020 22:30,0
19/04/2020 22:45,0
19/04/2020 23:00,0
19/04/2020 23:15,0
19/04/2020 23:30,0
19/04/2020 23:45,0
20/04/2020 00:00,0
20/04/2020 00:15,0
20/04/2020 00:30,0
20/04/2020 00:45,0
20/04/2020 01:00,0
20/04/2020 01:15,0
20/04/2020 01:30,0
20/04/2020 01:45,0
20/04/2020 02:00,0
20/04/2020 02:15,0
20/04/2020 02:30,0
20/04/2020 02:45,0
20/04/2020 03:00,0
20/04/2020 03:15,0
20/04/2020 03:30,0
20/04/2020 03:45,0
20/04/2020 04:00,0
20/04/2020 04:15,0
20/04/2020 04:30,0
20/04/2020 04:45,0
20/04/2020 05:00,0
20/04/2020 05:15,0
20/04/2020 05:30,0
20/04/2020 05:45,0
20/04/2020 06:00,0
20/04/2020 06:15,0.025
20/04/2020 06:30,0.725
20/04/2020 06:45,2.1375
20/04/2020 07:00,3.825
20/04/2020 07:15,6.57
20/04/2020 07:30,12.46
20/04/2020 07:45,20.8675
20/04/2020 08:00,29.8875
20/04/2020 08:15,38.5775
20/04/2020 08:30,46.895
20/04/2020 08:45,54.5225
20/04/2020 09:00,60.8625
20/04/2020 09:15,66.895
20/04/2020 09:30,73.725
20/04/2020 09:45,81.425
20/04/2020 10:00,88.2825
20/04/2020 10:15,93.82
20/04/2020 10:30,100.6625
20/04/2020 10:45,105.905
20/04/2020 11:00,109.3925
20/04/2020 11:15,112.5875
20/04/2020 11:30,115.3275
20/04/2020 11:45,117.21
20/04/2020 12:00,118.995
20/04/2020 12:15,120.5675
20/04/2020 12:30,122.19
20/04/2020 12:45,123.25
20/04/2020 13:00,123.99
20/04/2020 13:15,124.5925
20/04/2020 13:30,124.645
20/04/2020 13:45,124.1625
20/04/2020 14:00,124.0875
20/04/2020 14:15,123.62
20/04/2020 14:30,123.23
20/04/2020 14:45,121.5825
20/04/2020 15:00,119.81
20/04/2020 15:15,117.6825
20/04/2020 15:30,115.4425
20/04/2020 15:45,112.77
20/04/2020 16:00,110.02
20/04/2020 16:15,106.9825
20/04/2020 16:30,103.5925
20/04/2020 16:45,99.535
20/04/2020 17:00,95.5675
20/04/2020 17:15,91.0625
20/04/2020 17:30,86.045
20/04/2020 17:45,78.09
20/04/2020 18:00,70.105
20/04/2020 18:15,61.1975
20/04/2020 18:30,52.88
20/04/2020 18:45,44.1925
20/04/2020 19:00,35.6575
20/04/2020 19:15,27.7075
20/04/2020 19:30,20.56
20/04/2020 19:45,14.015
20/04/2020 20:00,8.625
20/04/2020 20:15,4.275
20/04/2020 20:30,1.805
20/04/2020 20:45,0.395
20/04/2020 21:00,0
20/04/2020 21:15,0
20/04/2020 21:30,0
20/04/2020 21:45,0
20/04/2020 22:00,0
20/04/2020 22:15,0
20/04/2020 22:30,0
20/04/2020 22:45,0
20/04/2020 23:00,0
20/04/2020 23:15,0
20/04/2020 23:30,0
20/04/2020 23:45,0
21/04/2020 00:00,0
21/04/2020 00:15,0
21/04/2020 00:30,0
21/04/2020 00:45,0
21/04/2020 01:00,0
21/04/2020 01:15,0
21/04/2020 01:30,0
21/04/2020 01:45,0
21/04/2020 02:00,0
21/04/2020 02:15,0
21/04/2020 02:30,0
21/04/2020 02:45,0
21/04/2020 03:00,0
21/04/2020 03:15,0
21/04/2020 03:30,0
21/04/2020 03:45,0
21/04/2020 04:00,0
21/04/2020 04:15,0
21/04/2020 04:30,0
21/04/2020 04:45,0
21/04/2020 05:00,0
21/04/2020 05:15,0
21/04/2020 05:30,0
21/04/2020 05:45,0
21/04/2020 06:00,0
21/04/2020 06:15,0.075
21/04/2020 06:30,0.8725
21/04/2020 06:45,2.3425
21/04/2020 07:00,3.94
21/04/2020 07:15,7.045
21/04/2020 07:30,13.485
21/04/2020 07:45,22.28
21/04/2020 08:00,31.5175
21/04/2020 08:15,40.43
21/04/2020 08:30,48.9875
21/04/2020 08:45,56.6625
21/04/2020 09:00,63.0225
21/04/2020 09:15,69.5375
21/04/2020 09:30,76.275
21/04/2020 09:45,83.6525
21/04/2020 10:00,90.3
21/04/2020 10:15,94.75
21/04/2020 10:30,102.6725
21/04/2020 10:45,107.0125
21/04/2020 11:00,110.26
21/04/2020 11:15,112.97
21/04/2020 11:30,115.7275
21/04/2020 11:45,117.95
21/04/2020 12:00,119.7275
21/04/2020 12:15,121.3675
21/04/2020 12:30,122.5725
21/04/2020 12:45,123.73
21/04/2020 13:00,124.5675
21/04/2020 13:15,124.895
21/04/2020 13:30,124.8225
21/04/2020 13:45,124.4625
21/04/2020 14:00,123.7675
21/04/2020 14:15,123.025
21/04/2020 14:30,121.8925
21/04/2020 14:45,120.675
21/04/2020 15:00,119.0625
21/04/2020 15:15,116.835
21/04/2020 15:30,114.2225
21/04/2020 15:45,111.6875
21/04/2020 16:00,108.5675
21/04/2020 16:15,105.8525
21/04/2020 16:30,102.0725
21/04/2020 16:45,98.7375
21/04/2020 17:00,95.0175
21/04/2020 17:15,90.1475
21/04/2020 17:30,85.27
21/04/2020 17:45,78.285
21/04/2020 18:00,69.1525
21/04/2020 18:15,60.77
21/04/2020 18:30,52.31
21/04/2020 18:45,45.0175
21/04/2020 19:00,36.7025
21/04/2020 19:15,28.6575
21/04/2020 19:30,21.3975
21/04/2020 19:45,14.71
21/04/2020 20:00,9.155
21/04/2020 20:15,4.595
21/04/2020 20:30,1.945
21/04/2020 20:45,0.445
21/04/2020 21:00,0
21/04/2020 21:15,0
21/04/2020 21:30,0
21/04/2020 21:45,0
21/04/2020 22:00,0
21/04/2020 22:15,0
21/04/2020 22:30,0
21/04/2020 22:45,0
21/04/2020 23:00,0
21/04/2020 23:15,0
21/04/2020 23:30,0
21/04/2020 23:45,0
22/04/2020 00:00,0
22/04/2020 00:15,0
22/04/2020 00:30,0
22/04/2020 00:45,0
22/04/2020 01:00,0
22/04/2020 01:15,0
22/04/2020 01:30,0
22/04/2020 01:45,0
22/04/2020 02:00,0
22/04/2020 02:15,0
22/04/2020 02:30,0
22/04/2020 02:45,0
22/04/2020 03:00,0
22/04/2020 03:15,0
22/04/2020 03:30,0
22/04/2020 03:45,0
22/04/2020 04:00,0
22/04/2020 04:15,0
22/04/2020 04:30,0
22/04/2020 04:45,0
22/04/2020 05:00,0
22/04/2020 05:15,0
22/04/2020 05:30,0
22/04/2020 05:45,0
22/04/2020 06:00,0
22/04/2020 06:15,0.12
22/04/2020 06:30,1.09
22/04/2020 06:45,2.63
22/04/2020 07:00,4.375
22/04/2020 07:15,7.6275
22/04/2020 07:30,14.0325
22/04/2020 07:45,22.71
22/04/2020 08:00,31.7175
22/04/2020 08:15,40.4775
22/04/2020 08:30,48.8475
22/04/2020 08:45,56.4325
22/04/2020 09:00,62.5775
22/04/2020 09:15,68.125
22/04/2020 09:30,73.57
22/04/2020 09:45,79.14
22/04/2020 10:00,85.92
22/04/2020 10:15,93.385
22/04/2020 10:30,101.1475
22/04/2020 10:45,105.935
22/04/2020 11:00,109.3025
22/04/2020 11:15,112.32
22/04/2020 11:30,114.8825
22/04/2020 11:45,116.8025
22/04/2020 12:00,118.9375
22/04/2020 12:15,120.8575
22/04/2020 12:30,122.5225
22/04/2020 12:45,123.4025
22/04/2020 13:00,124.0725
22/04/2020 13:15,124.475
22/04/2020 13:30,124.65
22/04/2020 13:45,124.24
22/04/2020 14:00,123.725
22/04/2020 14:15,123.06
22/04/2020 14:30,122.07
22/04/2020 14:45,120.515
22/04/2020 15:00,119.0775
22/04/2020 15:15,116.7325
22/04/2020 15:30,114.47
22/04/2020 15:45,111.9675
22/04/2020 16:00,109.4425
22/04/2020 16:15,105.6425
22/04/2020 16:30,102.335
22/04/2020 16:45,98.9975
22/04/2020 17:00,95.3575
22/04/2020 17:15,91.3925
22/04/2020 17:30,86.31
22/04/2020 17:45,78.805
22/04/2020 18:00,71.055
22/04/2020 18:15,62.935
22/04/2020 18:30,53.9375
22/04/2020 18:45,45.4625
22/04/2020 19:00,37.255
22/04/2020 19:15,29.175
22/04/2020 19:30,21.69
22/04/2020 19:45,15.1625
22/04/2020 20:00,9.5625
22/04/2020 20:15,4.92
22/04/2020 20:30,2.0675
22/04/2020 20:45,0.4125
22/04/2020 21:00,0.0125
22/04/2020 21:15,0
22/04/2020 21:30,0
22/04/2020 21:45,0
22/04/2020 22:00,0
22/04/2020 22:15,0
22/04/2020 22:30,0
22/04/2020 22:45,0
22/04/2020 23:00,0
22/04/2020 23:15,0
22/04/2020 23:30,0
22/04/2020 23:45,0
23/04/2020 00:00,0
23/04/2020 00:15,0
23/04/2020 00:30,0
23/04/2020 00:45,0
23/04/2020 01:00,0
23/04/2020 01:15,0
23/04/2020 01:30,0
23/04/2020 01:45,0
23/04/2020 02:00,0
23/04/2020 02:15,0
23/04/2020 02:30,0
23/04/2020 02:45,0
23/04/2020 03:00,0
23/04/2020 03:15,0
23/04/2020 03:30,0
23/04/2020 03:45,0
23/04/2020 04:00,0
23/04/2020 04:15,0
23/04/2020 04:30,0
23/04/2020 04:45,0
23/04/2020 05:00,0
23/04/2020 05:15,0
23/04/2020 05:30,0
23/04/2020 05:45,0
23/04/2020 06:00,0
23/04/2020 06:15,0.1775
23/04/2020 06:30,1.2175
23/04/2020 06:45,2.77
23/04/2020 07:00,4.5025
23/04/2020 07:15,8.0325
23/04/2020 07:30,14.775
23/04/2020 07:45,23.6925
23/04/2020 08:00,32.775
23/04/2020 08:15,41.4
23/04/2020 08:30,49.4725
23/04/2020 08:45,56.5375
23/04/2020 09:00,62.2625
23/04/2020 09:15,66.9175
23/04/2020 09:30,71.6025
23/04/2020 09:45,77.2775
23/04/2020 10:00,83.725
23/04/2020 10:15,91.315
23/04/2020 10:30,99.2375
23/04/2020 10:45,104.075
23/04/2020 11:00,107.0775
23/04/2020 11:15,109.63
23/04/2020 11:30,111.8
23/04/2020 11:45,113.59
23/04/2020 12:00,115.3725
23/04/2020 12:15,116.8075
23/04/2020 12:30,118.0175
23/04/2020 12:45,118.56
23/04/2020 13:00,118.855
23/04/2020 13:15,119.225
23/04/2020 13:30,119.3625
23/04/2020 13:45,117.8125
23/04/2020 14:00,117.6325
23/04/2020 14:15,117.7825
23/04/2020 14:30,117.085
23/04/2020 14:45,115.915
23/04/2020 15:00,114.4525
23/04/2020 15:15,112.5775
23/04/2020 15:30,110.0875
23/04/2020 15:45,107.4025
23/04/2020 16:00,104.0525
23/04/2020 16:15,101
23/04/2020 16:30,98.3925
23/04/2020 16:45,94.695
23/04/2020 17:00,91.7675
23/04/2020 17:15,87.5525
23/04/2020 17:30,82.6125
23/04/2020 17:45,75.595
23/04/2020 18:00,65.6125
23/04/2020 18:15,47.955
23/04/2020 18:30,44.71
23/04/2020 18:45,36.325
23/04/2020 19:00,29.5425
23/04/2020 19:15,21.5025
23/04/2020 19:30,19.96
23/04/2020 19:45,12.7325
23/04/2020 20:00,9.5525
23/04/2020 20:15,5.8675
23/04/2020 20:30,3.0825
23/04/2020 20:45,0.5475
23/04/2020 21:00,0
23/04/2020 21:15,0
23/04/2020 21:30,0
23/04/2020 21:45,0
23/04/2020 22:00,0
23/04/2020 22:15,0
23/04/2020 22:30,0
23/04/2020 22:45,0
23/04/2020 23:00,0
23/04/2020 23:15,0
23/04/2020 23:30,0
23/04/2020 23:45,0
24/04/2020 00:00,0
24/04/2020 00:15,0
24/04/2020 00:30,0
24/04/2020 00:45,0
24/04/2020 01:00,0
24/04/2020 01:15,0
24/04/2020 01:30,0
24/04/2020 01:45,0
24/04/2020 02:00,0
24/04/2020 02:15,0
24/04/2020 02:30,0
24/04/2020 02:45,0
24/04/2020 03:00,0
24/04/2020 03:15,0
24/04/2020 03:30,0
24/04/2020 03:45,0
24/04/2020 04:00,0
24/04/2020 04:15,0
24/04/2020 04:30,0
24/04/2020 04:45,0
24/04/2020 05:00,0
24/04/2020 05:15,0
24/04/2020 05:30,0
24/04/2020 05:45,0
24/04/2020 06:00,0
24/04/2020 06:15,0.0625
24/04/2020 06:30,1.415
24/04/2020 06:45,4.84
24/04/2020 07:00,9.19
24/04/2020 07:15,12.5225
24/04/2020 07:30,13.885
24/04/2020 07:45,22.0475
24/04/2020 08:00,36.105
24/04/2020 08:15,43.3275
24/04/2020 08:30,50.185
24/04/2020 08:45,58.195
24/04/2020 09:00,62.585
24/04/2020 09:15,69.61
24/04/2020 09:30,72.7175
24/04/2020 09:45,78.84
24/04/2020 10:00,86.65
24/04/2020 10:15,94.72
24/04/2020 10:30,99.5675
24/04/2020 10:45,102.985
24/04/2020 11:00,107.995
24/04/2020 11:15,111.5925
24/04/2020 11:30,114.2225
24/04/2020 11:45,115.9
24/04/2020 12:00,116.4275
24/04/2020 12:15,120.2325
24/04/2020 12:30,122.2725
24/04/2020 12:45,122.33
24/04/2020 13:00,123.4975
24/04/2020 13:15,117.9925
24/04/2020 13:30,119.2475
24/04/2020 13:45,117.5675
24/04/2020 14:00,120.055
24/04/2020 14:15,124.5725
24/04/2020 14:30,121.515
24/04/2020 14:45,120.87
24/04/2020 15:00,118.0375
24/04/2020 15:15,124.4525
24/04/2020 15:30,126.5675
24/04/2020 15:45,118.8725
24/04/2020 16:00,106.2175
24/04/2020 16:15,108.3925
24/04/2020 16:30,102.2275
24/04/2020 16:45,96.9075
24/04/2020 17:00,93.0425
24/04/2020 17:15,91.9325
24/04/2020 17:30,87.285
24/04/2020 17:45,75.5275
24/04/2020 18:00,75.0025
24/04/2020 18:15,66.9075
24/04/2020 18:30,57.8175
24/04/2020 18:45,48.785
24/04/2020 19:00,40.3575
24/04/2020 19:15,32.11
24/04/2020 19:30,24.4175
24/04/2020 19:45,16.18
24/04/2020 20:00,9.4925
24/04/2020 20:15,5.295
24/04/2020 20:30,2.5725
24/04/2020 20:45,0.815
24/04/2020 21:00,0.0625
24/04/2020 21:15,0
24/04/2020 21:30,0
24/04/2020 21:45,0
24/04/2020 22:00,0
24/04/2020 22:15,0
24/04/2020 22:30,0
24/04/2020 22:45,0
24/04/2020 23:00,0
24/04/2020 23:15,0
24/04/2020 23:30,0
24/04/2020 23:45,0
25/04/2020 00:00,0
25/04/2020 00:15,0
25/04/2020 00:30,0
25/04/2020 00:45,0
25/04/2020 01:00,0
25/04/2020 01:15,0
25/04/2020 01:30,0
25/04/2020 01:45,0
25/04/2020 02:00,0
25/04/2020 02:15,0
25/04/2020 02:30,0
25/04/2020 02:45,0
25/04/2020 03:00,0
25/04/2020 03:15,0
25/04/2020 03:30,0
25/04/2020 03:45,0
25/04/2020 04:00,0
25/04/2020 04:15,0
25/04/2020 04:30,0
25/04/2020 04:45,0
25/04/2020 05:00,0
25/04/2020 05:15,0
25/04/2020 05:30,0
25/04/2020 05:45,0
25/04/2020 06:00,0
25/04/2020 06:15,0
25/04/2020 06:30,0.4575
25/04/2020 06:45,1.6075
25/04/2020 07:00,2.3875
25/04/2020 07:15,4.8525
25/04/2020 07:30,9.195
25/04/2020 07:45,16.095
25/04/2020 08:00,16.9875
25/04/2020 08:15,24.495
25/04/2020 08:30,24.295
25/04/2020 08:45,27.0925
25/04/2020 09:00,30.6375
25/04/2020 09:15,34.0275
25/04/2020 09:30,38.115
25/04/2020 09:45,35.42
25/04/2020 10:00,35.74
25/04/2020 10:15,37.7575
25/04/2020 10:30,39.8225
25/04/2020 10:45,38.765
25/04/2020 11:00,35.825
25/04/2020 11:15,34.0425
25/04/2020 11:30,42.7975
25/04/2020 11:45,49.5725
25/04/2020 12:00,56.7225
25/04/2020 12:15,53.22
25/04/2020 12:30,55.0075
25/04/2020 12:45,69.02
25/04/2020 13:00,78.95
25/04/2020 13:15,93.4575
25/04/2020 13:30,93.98
25/04/2020 13:45,88.7325
25/04/2020 14:00,86.5675
25/04/2020 14:15,96.8825
25/04/2020 14:30,108.4225
25/04/2020 14:45,94.8525
25/04/2020 15:00,115.7925
25/04/2020 15:15,117.185
25/04/2020 15:30,116.4175
25/04/2020 15:45,113.7675
25/04/2020 16:00,111.1975
25/04/2020 16:15,108.1075
25/04/2020 16:30,104.835
25/04/2020 16:45,101.4375
25/04/2020 17:00,97.3625
25/04/2020 17:15,93.3175
25/04/2020 17:30,88.79
25/04/2020 17:45,82.6925
25/04/2020 18:00,74.405
25/04/2020 18:15,66.1525
25/04/2020 18:30,57.52
25/04/2020 18:45,49.185
25/04/2020 19:00,40.525
25/04/2020 19:15,32.105
25/04/2020 19:30,24.3525
25/04/2020 19:45,17.4875
25/04/2020 20:00,11.4025
25/04/2020 20:15,6.4975
25/04/2020 20:30,2.9225
25/04/2020 20:45,0.975
25/04/2020 21:00,0.075
25/04/2020 21:15,0
25/04/2020 21:30,0
25/04/2020 21:45,0
25/04/2020 22:00,0
25/04/2020 22:15,0
25/04/2020 22:30,0
25/04/2020 22:45,0
25/04/2020 23:00,0
25/04/2020 23:15,0
25/04/2020 23:30,0
25/04/2020 23:45,0
26/04/2020 00:00,0
26/04/2020 00:15,0
26/04/2020 00:30,0
26/04/2020 00:45,0
26/04/2020 01:00,0
26/04/2020 01:15,0
26/04/2020 01:30,0
26/04/2020 01:45,0
26/04/2020 02:00,0
26/04/2020 02:15,0
26/04/2020 02:30,0
26/04/2020 02:45,0
26/04/2020 03:00,0
26/04/2020 03:15,0
26/04/2020 03:30,0
26/04/2020 03:45,0
26/04/2020 04:00,0
26/04/2020 04:15,0
26/04/2020 04:30,0
26/04/2020 04:45,0
26/04/2020 05:00,0
26/04/2020 05:15,0
26/04/2020 05:30,0
26/04/2020 05:45,0
26/04/2020 06:00,0.025
26/04/2020 06:15,0.5475
26/04/2020 06:30,2.1375
26/04/2020 06:45,4.355
26/04/2020 07:00,6.9575
26/04/2020 07:15,11.8125
26/04/2020 07:30,19.055
26/04/2020 07:45,28.2175
26/04/2020 08:00,36.2
26/04/2020 08:15,40.2125
26/04/2020 08:30,32.0375
26/04/2020 08:45,34.435
26/04/2020 09:00,39.425
26/04/2020 09:15,40.1675
26/04/2020 09:30,42.3175
26/04/2020 09:45,49.6175
26/04/2020 10:00,67.735
26/04/2020 10:15,107.2325
26/04/2020 10:30,109.32
26/04/2020 10:45,93.415
26/04/2020 11:00,87.8125
26/04/2020 11:15,103.47
26/04/2020 11:30,114.36
26/04/2020 11:45,115.8675
26/04/2020 12:00,117.525
26/04/2020 12:15,119.105
26/04/2020 12:30,120.6375
26/04/2020 12:45,121.6675
26/04/2020 13:00,122.135
26/04/2020 13:15,123
26/04/2020 13:30,122.925
26/04/2020 13:45,123.65
26/04/2020 14:00,123.2025
26/04/2020 14:15,122.8375
26/04/2020 14:30,121.465
26/04/2020 14:45,120.5675
26/04/2020 15:00,119.1975
26/04/2020 15:15,116.9825
26/04/2020 15:30,114.82
26/04/2020 15:45,112.5025
26/04/2020 16:00,109.9225
26/04/2020 16:15,106.86
26/04/2020 16:30,103.9
26/04/2020 16:45,100.245
26/04/2020 17:00,96.5975
26/04/2020 17:15,92.8225
26/04/2020 17:30,88.4475
26/04/2020 17:45,82.0125
26/04/2020 18:00,73.7725
26/04/2020 18:15,65.53
26/04/2020 18:30,57.165
26/04/2020 18:45,48.88
26/04/2020 19:00,40.5
26/04/2020 19:15,32.4575
26/04/2020 19:30,24.8175
26/04/2020 19:45,17.9525
26/04/2020 20:00,12.13
26/04/2020 20:15,7.0075
26/04/2020 20:30,3.0425
26/04/2020 20:45,1.0775
26/04/2020 21:00,0.12
26/04/2020 21:15,0
26/04/2020 21:30,0
26/04/2020 21:45,0
26/04/2020 22:00,0
26/04/2020 22:15,0
26/04/2020 22:30,0
26/04/2020 22:45,0
26/04/2020 23:00,0
26/04/2020 23:15,0
26/04/2020 23:30,0
26/04/2020 23:45,0
27/04/2020 00:00,0
27/04/2020 00:15,0
27/04/2020 00:30,0
27/04/2020 00:45,0
27/04/2020 01:00,0
27/04/2020 01:15,0
27/04/2020 01:30,0
27/04/2020 01:45,0
27/04/2020 02:00,0
27/04/2020 02:15,0
27/04/2020 02:30,0
27/04/2020 02:45,0
27/04/2020 03:00,0
27/04/2020 03:15,0
27/04/2020 03:30,0
27/04/2020 03:45,0
27/04/2020 04:00,0
27/04/2020 04:15,0
27/04/2020 04:30,0
27/04/2020 04:45,0
27/04/2020 05:00,0
27/04/2020 05:15,0
27/04/2020 05:30,0
27/04/2020 05:45,0
27/04/2020 06:00,0
27/04/2020 06:15,0.4575
27/04/2020 06:30,1.32
27/04/2020 06:45,3.115
27/04/2020 07:00,5.505
27/04/2020 07:15,11.17
27/04/2020 07:30,12.7725
27/04/2020 07:45,25.1375
27/04/2020 08:00,34.3325
27/04/2020 08:15,43.1925
27/04/2020 08:30,51.12
27/04/2020 08:45,58.8525
27/04/2020 09:00,66.0475
27/04/2020 09:15,71.4925
27/04/2020 09:30,76.3175
27/04/2020 09:45,82.9
27/04/2020 10:00,90.505
27/04/2020 10:15,96.7225
27/04/2020 10:30,100.8775
27/04/2020 10:45,104.1275
27/04/2020 11:00,107.2975
27/04/2020 11:15,109.4175
27/04/2020 11:30,111.6425
27/04/2020 11:45,113.555
27/04/2020 12:00,115.7075
27/04/2020 12:15,116.655
27/04/2020 12:30,117.895
27/04/2020 12:45,121.6075
27/04/2020 13:00,122.5225
27/04/2020 13:15,120.96
27/04/2020 13:30,121.78
27/04/2020 13:45,121.7625
27/04/2020 14:00,121.6425
27/04/2020 14:15,121.8175
27/04/2020 14:30,121.4125
27/04/2020 14:45,116.72
27/04/2020 15:00,116.04
27/04/2020 15:15,113.015
27/04/2020 15:30,113.1725
27/04/2020 15:45,106.91
27/04/2020 16:00,100.6275
27/04/2020 16:15,105.2075
27/04/2020 16:30,99.495
27/04/2020 16:45,93.5425
27/04/2020 17:00,74.0975
27/04/2020 17:15,76.08
27/04/2020 17:30,82.8225
27/04/2020 17:45,85.495
27/04/2020 18:00,75.7975
27/04/2020 18:15,67.8625
27/04/2020 18:30,46.2325
27/04/2020 18:45,40.87
27/04/2020 19:00,22.16
27/04/2020 19:15,23.035
27/04/2020 19:30,21.7975
27/04/2020 19:45,14.1075
27/04/2020 20:00,8.9925
27/04/2020 20:15,4.1625
27/04/2020 20:30,2.815
27/04/2020 20:45,0.7775
27/04/2020 21:00,0.0625
27/04/2020 21:15,0
27/04/2020 21:30,0
27/04/2020 21:45,0
27/04/2020 22:00,0
27/04/2020 22:15,0
27/04/2020 22:30,0
27/04/2020 22:45,0
27/04/2020 23:00,0
27/04/2020 23:15,0
27/04/2020 23:30,0
27/04/2020 23:45,0
28/04/2020 00:00,0
28/04/2020 00:15,0
28/04/2020 00:30,0
28/04/2020 00:45,0
28/04/2020 01:00,0
28/04/2020 01:15,0
28/04/2020 01:30,0
28/04/2020 01:45,0
28/04/2020 02:00,0
28/04/2020 02:15,0
28/04/2020 02:30,0
28/04/2020 02:45,0
28/04/2020 03:00,0
28/04/2020 03:15,0
28/04/2020 03:30,0
28/04/2020 03:45,0
28/04/2020 04:00,0
28/04/2020 04:15,0
28/04/2020 04:30,0
28/04/2020 04:45,0
28/04/2020 05:00,0
28/04/2020 05:15,0
28/04/2020 05:30,0
28/04/2020 05:45,0
28/04/2020 06:00,0
28/04/2020 06:15,0.0375
28/04/2020 06:30,0.2525
28/04/2020 06:45,0.7525
28/04/2020 07:00,0.7775
28/04/2020 07:15,1.065
28/04/2020 07:30,1.69
28/04/2020 07:45,1.6325
28/04/2020 08:00,3.14
28/04/2020 08:15,3.965
28/04/2020 08:30,5.4475
28/04/2020 08:45,10.0975
28/04/2020 09:00,28.5575
28/04/2020 09:15,18.145
28/04/2020 09:30,11.3675
28/04/2020 09:45,15.3525
28/04/2020 10:00,12.6025
28/04/2020 10:15,13.4075
28/04/2020 10:30,23.47
28/04/2020 10:45,16.6325
28/04/2020 11:00,16.37
28/04/2020 11:15,20.76
28/04/2020 11:30,26.885
28/04/2020 11:45,26.565
28/04/2020 12:00,43.5375
28/04/2020 12:15,37.64
28/04/2020 12:30,19.9125
28/04/2020 12:45,24.8025
28/04/2020 13:00,18.2225
28/04/2020 13:15,19.6625
28/04/2020 13:30,24.5175
28/04/2020 13:45,24.41
28/04/2020 14:00,25.7525
28/04/2020 14:15,27.625
28/04/2020 14:30,24.23
28/04/2020 14:45,11.8625
28/04/2020 15:00,11.03
28/04/2020 15:15,24.5275
28/04/2020 15:30,25.6775
28/04/2020 15:45,23.0175
28/04/2020 16:00,14.2775
28/04/2020 16:15,9.44
28/04/2020 16:30,9.7925
28/04/2020 16:45,8.6975
28/04/2020 17:00,6.1425
28/04/2020 17:15,4.0675
28/04/2020 17:30,6.6875
28/04/2020 17:45,8.575
28/04/2020 18:00,11.6075
28/04/2020 18:15,15.1875
28/04/2020 18:30,10.205
28/04/2020 18:45,4.7175
28/04/2020 19:00,1.6175
28/04/2020 19:15,1.4475
28/04/2020 19:30,1.615
28/04/2020 19:45,1.0275
28/04/2020 20:00,1.71
28/04/2020 20:15,0.4575
28/04/2020 20:30,0.2725
28/04/2020 20:45,0.1125
28/04/2020 21:00,0
28/04/2020 21:15,0
28/04/2020 21:30,0
28/04/2020 21:45,0
28/04/2020 22:00,0
28/04/2020 22:15,0
28/04/2020 22:30,0
28/04/2020 22:45,0
28/04/2020 23:00,0
28/04/2020 23:15,0
28/04/2020 23:30,0
28/04/2020 23:45,0
29/04/2020 00:00,0
29/04/2020 00:15,0
29/04/2020 00:30,0
29/04/2020 00:45,0
29/04/2020 01:00,0
29/04/2020 01:15,0
29/04/2020 01:30,0
29/04/2020 01:45,0
29/04/2020 02:00,0
29/04/2020 02:15,0
29/04/2020 02:30,0
29/04/2020 02:45,0
29/04/2020 03:00,0
29/04/2020 03:15,0
29/04/2020 03:30,0
29/04/2020 03:45,0
29/04/2020 04:00,0
29/04/2020 04:15,0
29/04/2020 04:30,0
29/04/2020 04:45,0
29/04/2020 05:00,0
29/04/2020 05:15,0
29/04/2020 05:30,0
29/04/2020 05:45,0
29/04/2020 06:00,0
29/04/2020 06:15,0.1775
29/04/2020 06:30,1.39
29/04/2020 06:45,2.7525
29/04/2020 07:00,4.2475
29/04/2020 07:15,7.9025
29/04/2020 07:30,11.835
29/04/2020 07:45,14.795
29/04/2020 08:00,16.7475
29/04/2020 08:15,21.485
29/04/2020 08:30,16.0075
29/04/2020 08:45,15.98
29/04/2020 09:00,11.09
29/04/2020 09:15,16.3175
29/04/2020 09:30,17.1675
29/04/2020 09:45,17.775
29/04/2020 10:00,23.2725
29/04/2020 10:15,37.16
29/04/2020 10:30,19.3625
29/04/2020 10:45,30.1225
29/04/2020 11:00,28.33
29/04/2020 11:15,26.835
29/04/2020 11:30,52.4725
29/04/2020 11:45,57.2675
29/04/2020 12:00,55.35
29/04/2020 12:15,82.35
29/04/2020 12:30,71.9625
29/04/2020 12:45,87.99
29/04/2020 13:00,84.5575
29/04/2020 13:15,109.2475
29/04/2020 13:30,113.0775
29/04/2020 13:45,104.23
29/04/2020 14:00,98.105
29/04/2020 14:15,124.955
29/04/2020 14:30,113.26
29/04/2020 14:45,103.7875
29/04/2020 15:00,108.855
29/04/2020 15:15,97.96
29/04/2020 15:30,74.765
29/04/2020 15:45,114.82
29/04/2020 16:00,104.0025
29/04/2020 16:15,80.1075
29/04/2020 16:30,80.7175
29/04/2020 16:45,66.6075
29/04/2020 17:00,53.6975
29/04/2020 17:15,30.555
29/04/2020 17:30,15.21
29/04/2020 17:45,11.7025
29/04/2020 18:00,7.1
29/04/2020 18:15,7.835
29/04/2020 18:30,10.5875
29/04/2020 18:45,10.9125
29/04/2020 19:00,4.33
29/04/2020 19:15,10.3475
29/04/2020 19:30,10.09
29/04/2020 19:45,6.52
29/04/2020 20:00,2.5225
29/04/2020 20:15,1.3525
29/04/2020 20:30,1.09
29/04/2020 20:45,0.1
29/04/2020 21:00,0
29/04/2020 21:15,0
29/04/2020 21:30,0
29/04/2020 21:45,0
29/04/2020 22:00,0
29/04/2020 22:15,0
29/04/2020 22:30,0
29/04/2020 22:45,0
29/04/2020 23:00,0
29/04/2020 23:15,0
29/04/2020 23:30,0
29/04/2020 23:45,0
30/04/2020 00:00,0
30/04/2020 00:15,0
30/04/2020 00:30,0
30/04/2020 00:45,0
30/04/2020 01:00,0
30/04/2020 01:15,0
30/04/2020 01:30,0
30/04/2020 01:45,0
30/04/2020 02:00,0
30/04/2020 02:15,0
30/04/2020 02:30,0
30/04/2020 02:45,0
30/04/2020 03:00,0
30/04/2020 03:15,0
30/04/2020 03:30,0
30/04/2020 03:45,0
30/04/2020 04:00,0
30/04/2020 04:15,0
30/04/2020 04:30,0
30/04/2020 04:45,0
30/04/2020 05:00,0
30/04/2020 05:15,0
30/04/2020 05:30,0
30/04/2020 05:45,0
30/04/2020 06:00,0
30/04/2020 06:15,0.0375
30/04/2020 06:30,0.535
30/04/2020 06:45,1.4475
30/04/2020 07:00,1.2375
30/04/2020 07:15,3.705
30/04/2020 07:30,11.89
30/04/2020 07:45,15.7275
30/04/2020 08:00,21.28
30/04/2020 08:15,50.565
30/04/2020 08:30,47.455
30/04/2020 08:45,67.4425
30/04/2020 09:00,63.2475
30/04/2020 09:15,57.645
30/04/2020 09:30,72.4625
30/04/2020 09:45,64.185
30/04/2020 10:00,68.875
30/04/2020 10:15,48.075
30/04/2020 10:30,75.43
30/04/2020 10:45,56.8975
30/04/2020 11:00,91.745
30/04/2020 11:15,71.675
30/04/2020 11:30,85.105
30/04/2020 11:45,83.5475
30/04/2020 12:00,98.11
30/04/2020 12:15,84.7475
30/04/2020 12:30,111.445
30/04/2020 12:45,92.68
30/04/2020 13:00,115.2225
30/04/2020 13:15,113.8225
30/04/2020 13:30,89.1525
30/04/2020 13:45,88.36
30/04/2020 14:00,90.695
30/04/2020 14:15,114.6775
30/04/2020 14:30,110.1125
30/04/2020 14:45,110.8575
30/04/2020 15:00,81.545
30/04/2020 15:15,79.985
30/04/2020 15:30,99.4425
30/04/2020 15:45,104.635
30/04/2020 16:00,86.3225
30/04/2020 16:15,72.315
30/04/2020 16:30,92.4575
30/04/2020 16:45,97.7175
30/04/2020 17:00,72.7
30/04/2020 17:15,90.3775
30/04/2020 17:30,59.5325
30/04/2020 17:45,63.1625
30/04/2020 18:00,12.9225
30/04/2020 18:15,11.655
30/04/2020 18:30,65.1325
30/04/2020 18:45,36.715
30/04/2020 19:00,15.935
30/04/2020 19:15,9.625
30/04/2020 19:30,12.7925
30/04/2020 19:45,5.1525
30/04/2020 20:00,0.6575
30/04/2020 20:15,0.025
30/04/2020 20:30,1.6575
30/04/2020 20:45,0.8475
30/04/2020 21:00,0.0875
30/04/2020 21:15,0
30/04/2020 21:30,0
30/04/2020 21:45,0
30/04/2020 22:00,0
30/04/2020 22:15,0
30/04/2020 22:30,0
30/04/2020 22:45,0
30/04/2020 23:00,0
30/04/2020 23:15,0
30/04/2020 23:30,0
30/04/2020 23:45,0
